_id,_source/name,_source/covered_area,_source/lease_duration_expected,_source/location/lat,_source/location/lon,_source/lock_in_period,_source/maintenance_charges,_source/no_of_balconies,_source/no_of_barooms,_source/plot_area,_source/rent_expected,_source/security_deposit,_source/type_of_accomodation,_source/total_floors,_source/floor,_source/servant_room,_source/servant_room_wi_toilet
18652885-f1f4-4464-a20e-566301c73420,RG-0000000289,1400,36,28.544822,77.259317,12,5000,2,3,1800,75000,225000,3,3,3,1,1
16ef1b28-67b3-eb98-ae66-5679580ac934,RG-0000000572,2100,24,28.56993,77.269141,12,15000,2,3,2700,100000,300000,3,3,1,1,1
14c59d9d-c29e-85be-7a14-563cb13bd9d3,RG-0000000024,4400,24,28.564197,77.264569,12,11000,4,6,6750,175000,350000,5,2,0,1,1
1b4d7262-d47f-963e-340b-564f129ef0fc,RG-0000000121,6900,24,28.460584,77.057885,12,20000,7,6,7500,200000,400000,5,13,0,1,1
1bc1aa7b-ea59-346a-1869-5698e4bb4aec,RG-0000000846,1500,36,28.56027,77.219244,12,0,2,3,1953,100000,200000,3,3,1,1,1
1f31ea3c-6784-aa7b-a233-56922dd470ed,RG-0000000790,5000,24,28.591322,77.354699,12,0,6,6,3600,200000,400000,5,2,0,1,1
1cc9f4a9-4b8c-19b9-2570-56828503c6e2,RG-0000000673,1100,12,28.562288,77.248702,12,0,0,2,1200,32000,32000,2,3,2,0,0
19eaebb7-0a3c-740c-2f70-5652c22bbf9d,RG-0000000141,2100,24,28.520091,77.209175,12,0,3,4,2700,85000,250000,4,3,2,0,0
25c3d734-06af-35aa-2318-568e04ea7cbd,RG-0000000749,1600,24,28.629714,77.216029,12,0,2,3,2000,210000,630000,3,3,1,0,0
22ad21ed-63ff-9a90-3d63-5677f736fe45,RG-0000000552,4000,12,28.570059,77.271813,12,0,2,7,2700,200000,600000,6,1,0,1,1
25dd9495-4966-71be-248f-567fb670d849,RG-0000000640,2300,36,28.550671,77.234859,12,0,5,3,4590,80000,160000,3,2,1,1,1
240698e8-4b96-5f2c-73cc-5672b64588f3,RG-0000000485,1400,24,28.579701,77.246096,12,0,3,3,1800,60000,120000,3,3,2,1,1
249ccab9-5069-ec83-3b7a-56767aba468f,RG-0000000534,1400,24,28.509027,77.16609,12,0,2,3,1600,38000,76000,3,2,1,1,1
30223856-77c1-214f-6b58-566acf9a2bec,RG-0000000390,4500,36,28.579626,77.163443,12,0,2,5,3870,350000,1000000,6,2,0,1,1
2817cb08-3bd2-ab40-5095-56827f10052b,RG-0000000664,3500,12,28.568168,77.269238,12,0,2,3,4500,125000,375000,3,2,2,1,1
2be813c1-df59-b79c-b51d-56643edaf776,RG-0000000310,1500,24,28.575736,77.230745,12,0,1,3,1953,83000,166000,3,3,1,0,0
2a20cb51-e6ae-4035-46a9-569b5c3b9ae0,RG-0000000868,1500,24,28.562344,77.363487,12,0,1,4,2140,25000,50000,4,2,1,1,1
34f6e52f-8c50-3fa7-813c-568e011bb307,RG-0000000745,3200,24,28.544588,77.258957,12,0,1,4,4500,300000,600000,4,3,3,1,1
44fa0493-24b9-c904-64e9-56922c3b0c7b,RG-0000000789,2200,24,28.556464,77.220147,12,0,3,4,3600,140000,280000,4,2,2,1,1
43214bf4-8b44-6661-3a5a-5652c09cc908,RG-0000000140,1550,24,28.549626,77.237519,12,4500,2,4,1980,75000,225000,3,3,2,1,1
3fc7f35d-2c63-0562-a081-5682812f83fc,RG-0000000667,3200,12,28.567767,77.271029,12,10000,2,4,4500,135000,270000,4,3,3,1,1
54334e4b-d8d5-32ca-25f5-56a9b5e6baff,RG-0000000949,1400,36,28.558792,77.20206,12,0,1,2,4500,55000,110000,2,3,2,0,0
4505ca01-bf61-3425-1d94-567bafbc5f8c,RG-0000000600,1200,24,28.52166,77.207319,12,0,1,3,1350,50000,100000,3,3,3,0,0
5841bdca-ef20-9d70-2b42-5664143416dc,RG-0000000305,1600,24,28.558216,77.36806,12,0,2,2,2153,19000,38000,3,2,2,0,0
5659dbf5-4e30-d293-f0e7-5663007a8c24,RG-0000000288,1500,36,28.54388,77.254781,11,0,3,3,1980,40000,80000,3,2,1,0,0
ba68c52c-0b85-9018-762e-5672b3e47e42,RG-0000000482,1400,0,28.554421,77.244755,0,0,0,3,1800,75000,150000,3,2,0,0,0
bd4f08f0-bb69-fe6a-0fd7-5657068a6f8b,RG-0000000175,1350,24,28.712681,77.140573,12,500,2,2,1500,25000,50000,3,3,2,0,0
bd80f261-6220-208b-2331-566967c35ccf,RG-0000000370,2100,36,28.543877,77.293639,24,6000,2,4,2700,100000,300000,3,3,3,1,1
bee34b06-65a1-5330-d59e-56790d98c809,RG-0000000561,3500,12,28.570134,77.270852,12,0,2,4,4500,80000,160000,4,2,2,0,0
c13631c2-5b21-f5a8-5116-5641dbf2f734,RG-0000000061,2800,24,28.555851,77.213624,12,0,1,3,4500,200000,600000,3,3,3,1,1
c4ad767c-f21d-2489-f7f2-568bca9ed047,RG-0000000725,3000,36,28.556395,77.21845,24,2000,6,5,7200,300000,600000,4,3,1,1,1
c594852d-7259-69fe-696c-56530b3177bd,RG-0000000148,3100,24,28.56233,77.167387,12,6000,3,5,5400,200000,600000,3,2,1,1,1
6af8ef69-26d4-2f4d-a1e4-56693b153859,RG-0000000360,3000,24,28.560097,77.162377,12,0,5,4,7200,100000,300000,4,3,3,1,1
6f582e0a-d5f2-58a2-8e0b-56891e292b77,RG-0000000707,1400,24,28.536563,77.244542,12,0,1,2,2700,40000,80000,2,2,2,0,0
70a8c43c-fcba-6483-1078-568cc38258e8,RG-0000000731,1400,24,28.538818,77.257202,12,0,0,3,1800,45000,90000,3,2,0,0,0
719eec77-9094-1c99-63c3-566bb78a893a,RG-0000000392,1600,24,28.558043,77.200922,11,0,0,3,1800,70000,210000,3,2,0,0,0
71b73974-47c8-17b6-7769-5697929eac4d,RG-0000000837,1500,24,28.5718,77.339067,12,0,0,3,1800,40000,80000,3,1,0,1,1
7287d3f2-5cd9-bc9b-fa60-564c2b3a07db,RG-0000000093,150,24,28.567792,77.224886,24,3000,3,3,1944,75000,150000,3,3,3,0,0
770c8e9c-878e-eccd-f883-56a35c97457f,RG-0000000919,850,24,28.534288,77.218425,12,0,1,2,918,50000,100000,2,3,3,1,1
7a72e785-cc54-1e4b-d5ea-5685023dc748,RG-0000000693,2500,24,28.54796,77.237706,12,0,3,3,4500,80000,240000,3,2,2,1,1
97aa4d7a-3e95-cba5-de49-5660480730c5,RG-0000000247,3000,24,28.565365,77.162666,12,0,2,3,5400,200000,600000,4,3,2,0,0
9c5385ee-1f05-a79c-4634-5669610ca529,RG-0000000367,1300,24,28.533653,77.245023,12,0,3,2,4050,50000,100000,2,2,2,0,0
9d001dbc-3ab0-b5c1-987a-5646e13a9451,RG-0000000074,2200,11,28.563409,77.350458,0,1500,3,3,2835,40000,120000,3,2,1,1,1
9d7e715a-7b90-79ab-4917-565d3ba4ebaa,RG-0000000208,1800,36,28.579829,77.166646,12,20000,3,4,2700,250000,750000,3,2,0,0,0
9d898835-ebf3-324a-0d21-56826dc9b8b8,RG-0000000661,1500,36,28.529844,77.245167,12,0,4,3,2250,70000,210000,2,3,3,0,0
a086f58b-e5b5-5702-47c1-56765ac54594,RG-0000000529,1400,12,28.571814,77.218833,12,0,2,2,1800,40000,80000,2,2,2,0,0
a1251d5e-8fa6-1700-27fb-5672c77f72a9,RG-0000000495,3000,24,28.570636,77.261399,12,15000,3,4,4500,150000,300000,4,3,3,1,1
5952591e-437f-c74e-becd-566eb44ab6c6,RG-0000000440,4300,24,28.557589,77.240567,12,0,4,7,3303,200000,600000,6,2,0,1,1
5c6d45a3-3a28-2c40-490f-568b8feb0df6,RG-0000000719,800,12,28.533604,77.245792,12,0,1,1,2700,27000,54000,1,1,1,0,0
5f8f1d39-c5b9-6921-8749-569a039aeaad,RG-0000000860,1500,36,28.530397,77.246527,12,0,1,2,1872,55000,110000,3,2,1,0,0
60ef02ed-1a9b-1036-67a3-564851287ac4,PROMILLA,2400,24,28.544971,77.242295,12,0,1,4,450,100000,200000,4,3,0,1,1
62688d55-30c3-de63-b731-563b52af56b1,RG-0000000011,3200,24,28.570591,77.270294,12,6000,1,4,4500,70000,140000,4,3,1,1,1
646e23d7-66b1-98de-c9ec-565d4a42cbbc,RG-0000000213,2200,24,28.562428,77.263435,12,2500,4,4,4500,110000,220000,3,3,2,1,1
8d3bf2f8-50de-581c-34da-5663cc5e724e,RG-0000000295,1500,12,28.542064,77.252631,12,0,2,3,1800,65000,130000,3,3,3,1,1
8d751880-3244-f9c0-abf5-567a81650e0b,RG-0000000586,2600,24,28.569339,77.269713,12,0,5,4,4500,200000,400000,4,3,2,1,1
90bd9798-d1b8-57d3-01d7-566d36e12b3a,RG-0000000417,1400,12,28.620693,77.369969,12,2500,4,2,1500,25000,50000,3,4,2,0,0
934b1bdd-25cc-75f6-0134-56702c80c7e3,RG-0000000465,9000,24,28.553594,77.203096,12,10000,2,6,1000,450000,900000,4,2,0,1,1
935b8e41-a41f-f4b7-e010-568283891437,RG-0000000671,1400,36,28.544822,77.259317,12,5000,2,3,1800,75000,225000,3,3,1,1,1
7e3f52cb-5ce5-a436-1617-568a405bf895,RG-0000000713,2200,36,28.534156,77.24086,24,0,3,3,2700,85000,510000,3,2,1,1,1
7fcf476c-4a73-e936-7e62-568bcb7c88dd,RG-0000000726,2800,36,28.557501,77.218481,24,10000,5,4,7200,275000,825000,4,3,1,1,1
8626b654-ca56-9349-826d-5661b47642d2,RG-0000000278,500,12,28.538725,77.257564,12,0,1,1,1800,17000,34000,1,3,3,0,0
87c93626-f007-a210-21f3-5672bbf10597,RG-0000000491,2100,24,28.545795,77.253428,12,0,2,4,2700,70000,140000,4,3,2,1,1
88936101-690d-b1b9-0c8a-568230610bd7,RG-0000000655,1306,36,28.550858,77.242301,12,3000,2,2,1980,35000,105000,3,2,1,1,0
a5ff1596-5557-c730-0ec9-5674096bc99d,RG-0000000497,800,24,28.556952,77.259955,12,0,1,1,2250,35000,70000,1,2,2,1,1
b1c51fa5-8ca0-ea08-da3d-568caaad9fff,RG-0000000727,2800,36,28.555073,77.213358,24,0,5,4,4500,250000,750000,4,3,1,1,1
dad72400-d04e-81b6-34cf-566f97d09d37,RG-0000000445,2600,24,28.529359,77.203146,6,0,3,4,3600,225000,600000,4,3,2,1,1
dd59313c-de4d-5613-b470-56711ea5636f,RG-0000000469,2800,24,28.56235,77.204372,12,0,3,4,3600,80000,240000,4,2,1,0,0
de5309e2-434b-b8cb-2a8e-566d50da41c4,RG-0000000422,1300,11,28.55777,77.253301,6,0,0,2,1800,40000,80000,3,2,0,1,1
df9b8874-4f83-18ec-0bba-567d0562caca,RG-0000000616,1500,24,28.572792,77.262188,12,0,3,2,7200,100000,200000,2,2,2,1,1
e17a21c9-f232-9441-af3c-567cc40ef2dc,RG-0000000609,1000,24,28.560625,77.254735,12,0,0,3,1125,32000,64000,2,1,0,1,1
e5972ae7-04de-e9fb-b1df-567181bc2d0e,RG-0000000479,1200,24,28.549747,77.201582,12,0,1,2,3150,30000,90000,2,3,3,0,0
c68481bd-8d25-ce94-ac3d-567811d7db7b,RG-0000000554,4800,24,28.564988,77.249238,12,0,0,5,2250,175000,350000,5,2,0,1,1
c99a34bf-d69a-fb51-4719-567a8c4f20ab,RG-0000000591,900,12,28.564418,77.248992,12,0,1,1,1125,12000,24000,2,3,3,0,0
cbf0050c-e8c0-c6d2-3d46-56825b3fc583,RG-0000000657,1200,24,28.548183,77.232821,12,0,2,3,1872,70000,140000,3,2,1,1,1
cf095707-883b-5b1a-1f1e-56741c883ce6,RG-0000000508,1600,35,28.584643,77.241494,11,5200,2,3,1800,100000,200000,3,3,1,1,1
cfcff650-d5cc-9cc7-dccb-5699ef7ea98d,RG-0000000857,2250,36,28.530487,77.246356,12,10000,1,4,2700,150000,300000,4,3,3,1,1
d005c702-0d07-18e7-3ce3-56850614b759,RG-0000000701,2000,36,28.547508,77.232196,24,0,1,3,4500,70000,140000,4,2,1,1,1
e5ea0a12-9455-2364-46ac-569a0237a8e1,RG-0000000859,1600,36,28.532658,77.246378,12,0,1,3,1872,55000,110000,3,2,1,0,0
e7f87031-9589-bba6-5eeb-56584851076b,RG-0000000182,2800,24,28.556139,77.276506,12,0,0,3,4500,90000,270000,3,2,0,1,1
e85f7042-6e1c-d03e-1501-565161be07e8,RG-0000000135,2600,24,28.561801,77.158414,6,0,3,4,5400,150000,450000,4,2,2,1,1
f26a9448-7bb2-b9a3-08c2-5677e6310b75,RG-0000000548,2100,12,28.57056,77.270961,12,10000,2,4,2700,100000,200000,4,3,1,1,1
d896d7d8-e70f-7aff-7fb7-5662f6e18da7,RG-0000000283,800,24,28.553898,77.240822,12,0,0,2,2250,35000,70000,2,3,1,0,0
d9c1781a-f7cb-bad4-f919-565d699cd472,RG-0000000215,1700,24,28.544715,77.228448,12,0,2,3,2385,80000,240000,3,2,1,1,1
31c8d0a3-71fe-2216-91eb-56740c18021b,RG-0000000501,575,12,28.563763,77.23695,12,0,2,1,1125,17000,17000,1,2,2,0,0
4c07cde8-9847-cf11-19e9-567fa958638b,RG-0000000637,1800,24,28.56702,77.231246,12,0,3,4,2925,230000,460000,3,3,3,1,1
e03481d5-cb76-55a3-9767-568b779c273f,RG-0000000716,1600,36,28.551203,77.204838,24,0,2,3,2000,65000,130000,3,2,1,1,1
5112354a-fbfb-c87a-c8d6-565d3d7e3b1c,RG-0000000210,2200,36,28.578814,77.16424,12,10000,4,4,3465,200000,400000,4,3,3,0,0
a611067d-d695-e3e5-c0f7-568cdfaa559e,RG-0000000735,2800,24,28.574402,77.163332,12,15000,4,6,9000,365000,950000,4,3,1,1,1
44f4695f-5854-4fc1-b3c8-56925106a3b4,RG-0000000796,1400,24,28.581412,77.164447,12,0,2,3,2250,90000,180000,2,2,1,1,1
5688ff0c-9597-be54-7176-56910d42d82c,RG-0000000785,2000,24,28.57424,77.162815,12,2000,3,4,3600,150000,300000,4,2,1,1,1
b8799613-a6b9-2c2d-36ea-568f7a5017a8,RG-0000000762,2200,24,28.578277,77.16379,12,15000,1,4,3420,250000,500000,3,2,2,1,1
1e59e1b8-3bc2-a0aa-50d4-569caf18cb13,RG-0000000879,2200,36,28.574915,77.233541,12,0,1,3,2925,120000,240000,3,2,1,1,1
345dd4f1-a73c-2bed-62b4-56a2207697af,RG-0000000914,2000,36,28.556716,77.233832,12,10000,2,4,2700,85000,170000,4,3,2,1,1
2d57c24a-d2ec-6cb0-d006-56938ced8af0,RG-0000000804,1500,36,28.580784,77.165062,12,0,1,3,1800,70000,140000,3,2,1,0,0
96fe687d-6af0-1bf6-ec05-5694fad61319,RG-0000000816,700,24,28.593188,77.33489,12,0,2,2,1008,10500,10500,2,2,2,0,0
201800ed-87e2-9ac5-5c5f-56961ee30a90,RG-0000000820,1500,24,28.577379,77.232228,12,1000,2,3,1953,110000,220000,3,3,1,0,0
7fa5a044-71eb-f2e2-02ad-569b3d153181,RG-0000000866,1600,36,28.551664,77.357765,12,0,3,3,2675,24000,48000,3,2,1,1,1
9db38bd4-7b29-27c4-f156-569cc5dae5a2,RG-0000000883,1500,24,28.549052,77.240673,12,0,2,3,1872,70000,140000,3,3,0,1,1
5a3e41ea-aef7-8a29-d1bb-56a3635fd03a,RG-0000000920,1500,24,28.549052,77.240673,12,0,2,3,1872,70000,140000,3,3,3,1,1
2fd8aa14-3602-9e9f-4067-569cec80b49b,RG-0000000885,1500,36,28.550372,77.242024,12,0,2,3,1872,60000,120000,3,3,2,1,1
46c880ef-b4f4-58d0-80f4-569df6a47535,RG-0000000889,4000,36,28.578234,77.171213,12,0,4,4,3600,400000,800000,3,2,0,1,1
19db1a6e-9fb7-0292-625a-5698d709ada1,RG-0000000843,2000,24,28.568141,77.229347,12,20000,1,3,2925,200000,400000,3,3,3,1,1
168d6094-a178-4247-d3dc-566fd80c977c,RG-0000000453,2200,24,28.555746,77.20444,12,12500,2,4,2925,125000,250000,3,2,0,1,1
11cb4e37-d191-c3c2-00af-566024f51e50,RG-0000000243,2400,36,28.567343,77.275246,30,15000,4,5,4950,175000,525000,4,3,3,1,1
12830bed-af5d-edb6-36de-564042037d06,RG-0000000034,2000,24,28.57058,77.23438,18,0,4,3,2925,200000,600000,3,2,1,1,1
14f01920-d62a-3acc-c000-56741b7fbc50,RG-0000000506,3000,24,28.568786,77.275431,12,0,2,4,4500,150000,300000,4,3,2,1,1
160c889f-f50a-1df4-2c96-567a39d6d0ee,RG-0000000578,3000,24,28.56727,77.260747,12,0,2,4,4500,130000,260000,4,3,3,0,0
33f074fb-9411-7c47-1df8-5661a85e3b36,RG-0000000270,2300,24,28.562885,77.158106,12,0,2,3,3960,110000,220000,3,2,2,1,1
318c3546-41d4-8488-b361-568286ac92ea,RG-0000000675,1100,12,28.562288,77.248702,12,0,0,2,1200,32000,32000,2,3,3,0,0
28d9ce96-e564-3d84-528a-566fd8b26428,RG-0000000452,1200,12,28.554744,77.204681,12,0,3,1,2880,29000,58000,1,1,1,0,0
3044294e-330b-57ff-1957-5698e5642b74,RG-0000000847,1800,24,28.53317,77.245658,12,5000,2,4,2700,125000,375000,3,3,3,1,1
19cfc097-a14c-a841-8f75-567baffb11eb,RG-0000000599,800,12,28.560371,77.241345,12,0,1,2,900,22000,44000,2,2,2,0,0
36ff3fcb-ba78-521a-4861-5672c8ebe0ff,RG-0000000496,2500,24,28.549512,77.202268,12,3000,1,2,4500,135000,270000,2,3,1,0,0
389aacc9-20f1-306e-7135-568a54153cdf,RG-0000000714,2200,24,28.53531,77.242529,12,5000,4,4,3600,130000,260000,4,2,1,1,1
35ebd15b-5976-0859-cfcb-568f88cb7614,RG-0000000764,1500,36,28.56027,77.219244,12,0,2,3,1953,100000,200000,3,3,0,1,1
375c21db-6d49-f883-82ee-567a8d0520b0,RG-0000000592,1100,12,28.561955,77.248096,12,0,0,3,1260,32000,32000,3,3,1,0,0
49e70cfd-c9bf-c073-8365-565d39d9a971,RG-0000000207,2600,36,28.542581,77.21054,12,8000,3,5,3600,350000,1000000,5,2,0,1,1
3fe7f51b-a302-27e8-e5b3-56597e295d34,RG-0000000188,2100,36,28.567722,77.198672,24,10000,3,3,2700,130000,390000,3,3,1,1,1
4901f798-8898-b790-80bb-567658164772,RG-0000000528,2100,24,28.570737,77.218597,12,0,0,2,2700,40000,80000,2,2,1,0,0
3e63c5c7-2af6-f4ba-931b-567bca28ce5f,RG-0000000606,900,24,28.571598,77.225531,12,0,2,2,1150,37000,74000,2,2,1,0,0
3cf9287e-ae16-f61c-b18d-566f98695312,RG-0000000446,2200,60,28.568876,77.269837,36,1000,3,3,4500,80000,240000,4,2,2,1,1
3eb297db-cea6-760a-107f-566c24181205,RG-0000000408,2048,24,28.577116,77.238279,12,15000,1,4,2997,200000,600000,4,3,0,1,1
4bb80e2b-df85-322c-4e40-566803a70f86,RG-0000000341,2600,24,28.529726,77.203768,6,0,3,4,3600,250000,750000,4,3,1,1,1
4ede221b-0d28-f164-2517-5662f9508d35,RG-0000000284,5600,36,28.53558,77.237595,12,0,6,12,1944,500000,1500000,11,3,0,1,1
4bbf9a48-8c6d-a520-7e01-566aac5fe66f,RG-0000000386,1600,24,28.538397,77.249626,6,0,0,4,2097,75000,150000,4,2,0,0,0
4d458c5c-6699-d0f4-4eb0-5690d698860e,RG-0000000777,1500,24,28.538906,77.24162,12,0,2,3,2700,200000,400000,3,2,2,1,1
6a824396-f9ba-5867-81c7-5682865d5fd7,RG-0000000676,700,12,28.560493,77.241937,12,0,1,2,900,30000,60000,2,3,0,0,0
6f791bec-ac75-ce60-92b5-56545d34bf4b,RG-0000000152,2100,24,28.55424,77.201156,12,0,2,4,2799,150000,300000,4,3,3,1,1
70aaefb5-bbfd-af86-cfa2-566d521d4851,RG-0000000423,1250,24,28.557056,77.246552,12,0,2,2,1800,40000,80000,2,2,2,1,1
746a5c29-8d87-ac9e-de50-567927e8b7cd,RG-0000000566,2100,24,28.570206,77.268898,12,9000,2,4,2700,100000,300000,4,3,3,1,1
7b7b91b6-9b89-032e-6c9c-566440f5a612,RG-0000000313,2100,24,28.568127,77.228088,12,5000,1,3,2925,75000,225000,3,2,1,1,1
58e7996b-a9c7-ddfb-a4ef-566a88ad638f,RG-0000000384,2100,24,28.535468,77.251519,12,0,3,3,2844,95000,190000,4,3,2,1,1
5cbc01ca-05c1-5d2e-893f-567f8ca14ee2,RG-0000000633,2050,36,28.552263,77.230763,24,10000,4,4,3150,125000,375000,4,3,1,1,1
5f70b9c2-8b24-fad7-610f-5677e9442813,RG-0000000551,1400,24,28.531743,77.20693,12,0,0,3,1800,65000,130000,3,3,0,0,0
61310987-ab86-33af-bd5e-56850736b64a,RG-0000000702,600,24,28.548663,77.233268,12,0,2,1,1872,22000,22000,1,2,2,0,0
663691ac-9d6b-5881-b005-56740a5bc535,RG-0000000498,3500,24,28.567769,77.164725,12,15000,2,3,5400,210000,420000,4,2,2,1,1
57a6d7e0-9e5e-1bb8-3ecd-5674112458c6,RG-0000000505,3500,24,28.54387,77.212146,12,4000,0,4,10800,90000,270000,3,2,0,0,0
57dbf9d4-4b4d-75be-a04d-56702a0f5e01,RG-0000000464,600,24,28.554269,77.201653,12,0,2,1,2808,45000,90000,1,2,2,0,0
54866318-5474-8f2e-a01f-566ec00f3494,RG-0000000443,1900,24,28.572453,77.233435,12,0,1,2,2925,75000,150000,3,2,1,0,0
546970fc-6d1e-ee15-64ef-56680640fd3a,RG-0000000342,2300,24,28.567185,77.268717,12,10000,2,3,4500,80000,240000,3,1,1,1,1
4fd3143c-01c1-96cc-ab65-568921a4d523,RG-0000000709,400,12,28.520343,77.20978,12,0,1,1,1125,22000,44000,1,2,1,0,0
7dabc71a-fcd5-4a98-efa0-567bb1a4a0df,RG-0000000603,1400,24,28.522019,77.205188,12,0,2,3,1800,35000,105000,3,3,2,1,1
7f0bf1ff-9e5d-50d5-5049-56828679ff60,RG-0000000674,1100,12,28.562288,77.248702,12,0,0,2,1200,32000,32000,2,3,3,0,0
7f89535c-cd2d-5736-0e44-56643f6e661c,RG-0000000311,3300,24,28.566638,77.21889,12,8000,4,5,4500,200000,400000,4,2,1,1,1
84039d42-42e2-f042-b8bc-5652c51a84d2,RG-0000000143,200,24,28.547819,77.240175,12,0,2,4,2700,85000,170000,4,2,0,1,1
86f8401d-a422-9f5c-2523-566eb106423e,RG-0000000438,875,24,28.558334,77.253601,12,0,2,2,1125,35000,70000,3,3,1,0,0
8a5c712a-7d63-145f-d4a8-56711d74fa0a,RG-0000000468,5000,24,28.558773,77.202821,12,20000,7,6,6480,300000,600000,5,3,2,1,1
c5c90114-6d0d-af6c-7de4-567fa8a9868f,RG-0000000636,1600,24,28.549214,77.239359,12,0,2,3,2700,120000,240000,3,3,3,1,1
c7c72bfc-085f-9ff0-bde4-56765f7828b2,RG-0000000530,1600,12,28.572781,77.219054,12,0,0,2,1800,35000,70000,2,2,0,1,1
c8683a72-bef9-0843-1d12-5660121cc89f,RG-0000000240,2300,24,28.571759,77.231139,12,0,3,3,3375,150000,450000,3,2,1,1,1
c8c5c3ab-3794-6ddc-3b35-5659811234f8,RG-0000000189,2250,24,28.564769,77.193834,12,0,4,4,4500,100000,300000,3,1,1,1,1
c91cd53c-e39c-e359-43cc-5672b8008892,RG-0000000488,1400,24,28.581247,77.244423,12,0,2,2,1800,55000,110000,3,2,2,0,0
c93c0b49-d950-321f-6cb4-5691f50adfb6,RG-0000000786,2200,24,28.556464,77.220147,12,0,3,4,3600,160000,320000,4,2,1,1,1
c9df55ad-4215-bc2a-0fb8-567182f4ddb8,RG-0000000480,2900,36,28.549619,77.205863,12,1000,1,3,4680,100000,200000,3,1,1,1,1
c9f75ac8-05f2-8852-4ef8-567a823bae43,RG-0000000588,1600,24,28.521276,77.207816,12,0,2,2,1800,55000,110000,3,2,2,0,0
a649b00c-40a9-8866-e87e-5666dbd6ed29,RG-0000000328,1700,24,28.594121,77.036643,12,40000,4,5,2300,35000,70000,4,10,8,0,0
aea274d6-aafa-a023-27c8-565c35743c79,RG-0000000205,5000,12,28.552405,77.20764,6,8000,4,6,9000,500000,1500000,5,3,3,1,1
b46d71b0-2868-5956-549c-5685031225a7,RG-0000000695,1500,24,28.538555,77.242254,12,0,4,3,2250,55000,110000,3,3,2,1,1
b4959d85-d150-e904-72ef-566811c40889,RG-0000000347,3000,24,28.563701,77.269008,12,10000,0,4,4500,130000,390000,3,1,0,1,1
b5280a8c-3241-b475-4ab4-5672ba946580,RG-0000000490,500,24,28.542709,77.251314,12,0,1,1,900,20000,40000,1,3,2,0,0
95febe15-8246-e489-b2cf-56a0ac73b8c3,RG-0000000910,7500,24,28.503322,77.100569,12,40000,4,6,8100,350000,1000000,5,12,10,1,1
98889557-180a-17ce-8182-565ea9bb9f82,RG-0000000220,1500,24,28.580139,77.166196,12,2000,2,3,2385,60000,120000,3,2,2,0,0
9b2339d5-718b-5bb6-86fb-5682848d654a,RG-0000000672,1400,36,28.544822,77.259317,12,5000,2,3,1800,75000,225000,3,3,2,1,1
9e42eccb-f2da-f280-fbe6-565da865eed6,RG-0000000218,1200,24,28.64457,77.382119,12,1000,2,2,1400,15000,30000,3,20,20,0,0
a2114f8f-2198-6e12-2222-564ebcc87dec,RG-0000000116,2800,24,28.547254,77.197463,12,6000,4,4,4500,200000,1000000,4,2,2,1,1
d2983089-2b0a-d77e-7b77-567697d0e06c,RG-0000000538,1400,24,28.564714,77.219023,12,0,3,3,1917,70000,140000,3,3,3,1,1
d2a3b430-d631-778c-0a13-567a837f6c36,RG-0000000590,700,12,28.561289,77.241024,12,0,1,2,900,30000,60000,2,2,2,0,0
d37096ca-df59-6d95-2295-56584df396fa,RG-0000000187,2400,36,28.574499,77.229754,30,15000,4,5,4950,175000,525000,4,3,0,1,1
d3f703e8-96ed-1a56-5889-567ba2c549fa,RG-0000000594,2100,12,28.57056,77.270961,12,10000,2,4,2700,100000,200000,4,3,2,1,1
d5a8906f-4f69-a035-fab3-56a35cd8bdf5,RG-0000000916,850,24,28.534288,77.218425,12,0,1,2,918,50000,100000,2,3,0,1,1
8e552bd0-4a91-4e44-dcff-56754b50878d,RG-0000000525,2550,36,28.541643,77.211599,24,7000,5,5,4500,250000,750000,4,3,3,1,1
8e55fb3c-fd68-3b80-cd3c-568baa3fba7c,RG-0000000723,4000,24,28.533406,77.238971,12,0,5,3,4500,80000,160000,3,3,0,1,1
9040647b-eded-177f-9eb0-56850362aa1c,RG-0000000696,1500,36,28.546918,77.23635,24,5000,2,3,1872,100000,200000,3,3,2,1,1
904ecbd1-c77b-0f02-8575-5672c606122b,RG-0000000494,2500,24,28.561434,77.267102,12,15000,3,4,4500,125000,250000,4,3,3,1,1
92208169-1858-f840-ffc3-567a839969c5,RG-0000000589,450,12,28.570143,77.242021,12,0,1,1,900,14000,28000,1,3,3,0,0
e7c14464-9906-12de-28da-565bdd3d3450,RG-0000000200,3100,24,28.563942,77.166585,12,5000,2,4,5400,130000,260000,4,2,1,1,1
e9b96c3b-3f35-5e8a-7395-56740b9ca3e9,RG-0000000499,1500,24,28.557716,77.253003,12,6000,2,1,2700,50000,100000,2,3,3,1,1
ea349a1f-d6aa-7136-921e-567ce5b80e32,RG-0000000611,2000,36,28.520872,77.214881,11,2000,1,4,2700,100000,300000,3,3,1,1,1
f18b1176-9135-a00c-5473-5677e5b344f7,RG-0000000547,2100,12,28.570488,77.273564,12,5000,1,3,2700,50000,100000,3,3,3,1,1
db15d05c-f2d0-34ee-d9aa-569b7369381e,RG-0000000871,1400,24,28.5156,77.230423,12,0,1,3,1600,70000,140000,3,2,1,0,0
dfa0d122-b5f1-cdd8-4dd0-56643e57223b,RG-0000000309,1500,24,28.577828,77.231378,12,0,2,2,2538,100000,300000,2,2,1,0,0
e2004743-dba2-64a2-7468-5658125c0567,RG-0000000180,3000,24,28.553517,77.208248,12,7000,3,5,4770,140000,420000,5,2,2,1,1
e514613e-1970-16c0-c185-567bb0db5f8e,RG-0000000601,1000,24,28.533263,77.209122,12,0,1,2,1125,25000,50000,2,3,2,0,0
b54c07f5-bf04-911f-82d4-5662fffd645c,RG-0000000287,1500,12,28.544115,77.254118,12,0,0,3,2250,65000,130000,3,2,2,0,0
b65d0546-8a45-1334-06d8-56a35cf6352f,RG-0000000917,850,24,28.534288,77.218425,12,0,1,2,918,50000,100000,2,3,1,1,1
b1d69ce5-3b13-9766-26dd-56976479a085,RG-0000000835,1500,24,28.577342,77.230254,12,2500,2,3,1950,85000,225000,3,3,3,1,1
20a774f3-1df3-698d-1ba3-5678ec3f75a6,RG-0000000555,1350,24,28.564175,77.196636,12,0,2,3,1890,90000,180000,3,3,2,1,1
a5d0a6d4-baf5-f016-d75d-569a0148328a,RG-0000000858,1800,36,28.548575,77.243509,12,0,2,3,2700,60000,120000,3,2,2,1,1
8fdb870b-7420-d85c-500b-569a2dda3045,RG-0000000862,2000,36,28.572604,77.228548,12,15000,1,3,2925,150000,450000,3,3,3,1,1
bf06404d-8531-f3a7-a5ec-569a30c4ea79,RG-0000000863,2000,36,28.57238,77.22909,12,0,1,3,2925,120000,240000,3,3,2,1,1
1f5e0c28-c275-918e-c244-56a220190d99,RG-0000000915,2000,36,28.556716,77.233832,12,10000,2,4,2700,80000,160000,4,3,3,1,1
ff300751-2f01-f7c6-a767-566a762f3bd5,RG-0000000380,1600,24,28.538537,77.251015,12,0,2,3,2100,50000,100000,3,2,2,0,0
2391c31e-dd70-aac6-37e3-5694e6bba14b,RG-0000000814,2000,24,28.58109,77.164552,12,15000,2,5,2700,165000,330000,4,3,0,1,1
63a5073d-9844-4158-855d-5690aefdf7e3,RG-0000000775,1400,36,28.566291,77.238558,12,0,4,3,3600,40000,80000,3,2,2,0,0
25b65400-0514-fcb9-cc29-5698f17e8770,RG-0000000852,1500,24,28.578522,77.163983,12,10000,5,4,3375,125000,250000,3,3,2,1,1
b53c2327-fad9-ee7e-ef4b-5666e07eaba7,RG-0000000330,1800,24,28.544175,77.244003,12,0,2,3,2445,75000,225000,3,2,2,1,1
6f6c5718-9828-90f6-19b4-569cefa11624,RG-0000000886,2250,36,28.544159,77.250386,12,15000,3,4,2880,250000,500000,4,3,3,1,1
d4837477-b726-ed80-47f3-569e0a6ed21c,RG-0000000892,1000,11,28.534106,77.250226,0,0,2,3,1440,35000,70000,2,3,0,0,0
58bbd226-422b-e510-23bb-569f458a15a8,RG-0000000901,450,24,28.535796,77.23913,12,0,1,1,2250,11000,11000,1,2,1,0,0
794c274a-0044-32e8-23dd-56a4b5dfc17e,RG-0000000926,1600,24,28.542898,77.229721,12,0,2,3,2475,100000,300000,3,2,2,1,1
7fecfeb3-5244-ed8d-5cdd-56a4b8d55a61,RG-0000000928,1400,24,28.544244,77.228426,12,0,1,1,2340,45000,90000,2,2,1,0,0
80744ec4-079c-5855-b043-5639ef972233,Rajeev behl,5000,24,28.501527,77.099594,12,35000,3,5,6750,250000,500000,4,11,2,1,1
1bb99da3-2262-b9b2-a6c9-56717f43b8c8,RG-0000000475,2000,24,28.549689,77.197507,12,5000,3,4,2700,140000,420000,4,3,1,1,1
24a00a81-3266-2bae-0497-567698542d86,RG-0000000539,2800,24,28.565893,77.219646,12,0,3,4,4320,130000,390000,4,3,3,1,1
10520a4f-0d87-6bdd-fb26-56408e892f2e,RG-0000000042,1400,24,28.549929,77.242281,12,10000,4,3,1872,90000,270000,3,3,2,1,1
1ab7f407-2e96-0d2e-4e86-5677e8af672a,RG-0000000550,1500,24,28.508899,77.19669,12,0,0,3,1800,32000,32000,3,3,0,0,0
29488385-db38-47f1-d06e-568e03d96905,RG-0000000748,1600,24,28.629714,77.216029,12,0,2,3,2000,210000,630000,3,3,2,0,0
3b01f8c7-36a8-8231-433c-56409af53891,RG-0000000045,2100,24,28.53475,77.24144,12,4000,3,4,3600,160000,480000,4,3,1,1,1
24bc59f3-fcd5-4803-2d8a-5662fd4486fa,RG-0000000285,1600,12,28.543241,77.252514,12,0,2,3,900,35000,70000,3,2,0,0,0
35846720-ddb0-b141-1680-5645f930bfe5,RG-0000000070,2100,36,28.558398,77.253553,12,9000,4,4,2700,90000,270000,4,3,0,1,1
452ef3e2-75a4-1a77-31c4-5667c7cb1aad,RG-0000000333,2100,24,28.482197,77.078571,24,5000,4,5,2600,110000,440000,3,12,0,1,1
450c3695-6c7b-3834-f4c5-5656f7ed1876,RG-0000000174,2800,24,28.602065,77.184599,12,5000,2,5,4500,285000,850000,4,3,1,1,1
3ffe8969-7d83-04ba-47c4-56511b3affc4,RG-0000000133,2100,36,28.541809,77.219684,24,2500,5,5,4608,85000,255000,4,3,2,1,1
459073ac-d052-c793-1146-5668196ef97b,RG-0000000351,3500,36,28.564379,77.267918,12,8000,3,4,4500,150000,450000,4,2,0,1,1
3e92b2bc-fb2f-64e3-f4e3-568cdecdf523,RG-0000000734,2800,24,28.532094,77.243915,12,10000,4,4,4950,150000,450000,4,3,2,1,1
4966d599-0627-aff9-57e3-5670288e2bc7,RG-0000000463,2450,24,28.557228,77.203734,12,15000,2,4,3150,150000,450000,4,3,2,1,1
4b2e3f45-2edc-cd4e-8161-56934cdb6aa7,RG-0000000799,2000,36,28.556538,77.220251,12,0,3,4,3600,90000,540000,3,2,1,1,1
47130d4a-ed53-2426-34b3-568ba86b93e3,RG-0000000721,1800,24,28.533392,77.245969,12,0,2,4,2925,60000,180000,3,2,1,0,0
4ae1a07d-b2f4-0587-e5ac-5659a454cb07,RG-0000000192,1000,11,28.556977,77.242853,11,0,2,3,1125,45000,90000,3,3,1,0,0
572ee796-c85a-ca66-7ae1-566f9926b455,RG-0000000447,1300,36,28.565032,77.267441,24,6000,3,2,4500,90000,180000,2,2,2,1,1
534c8c25-1c49-5ea0-c2bc-567a81da8dda,RG-0000000587,3200,24,28.567767,77.271029,12,10000,1,4,4500,140000,280000,4,3,0,1,1
575ac88c-cbbf-9fcb-c087-56790eba32cc,RG-0000000562,3200,12,28.567496,77.270602,12,0,0,3,4500,100000,200000,3,2,0,1,1
4ee5a1d3-eba0-bfb5-0c70-56a48f178739,RG-0000000923,600,12,28.520343,77.20978,12,0,1,1,900,20000,20000,1,2,1,0,0
51528a79-7a1b-56f9-32ad-56741d6148ce,RG-0000000510,1400,24,28.581956,77.245227,12,0,2,3,1800,60000,120000,3,3,3,0,0
4c33ab30-7830-0a21-0e83-56850282d5c5,RG-0000000694,1600,24,28.539263,77.241613,12,0,0,3,2250,45000,135000,3,2,0,1,1
5b32a01a-7b0c-2930-6dd2-56991344be0b,RG-0000000853,1800,36,28.415074,77.045134,12,4000,5,3,2100,35000,70000,4,12,3,1,1
5cef9482-b1c8-60b0-18a6-56458dffd7af,RG-0000000067,1800,24,28.545413,77.227868,12,2000,2,3,2340,75000,225000,3,2,1,1,1
60bb6e41-c981-72a1-f14e-564c70dfa1c3,RG-0000000102,2800,24,28.542814,77.212153,12,4000,5,5,4500,250000,500000,4,3,3,1,1
61c40d16-bb38-db1d-b103-56630324fafd,RG-0000000290,200,24,28.544026,77.246984,11,0,1,3,2700,110000,330000,3,3,0,0,0
61fd5df8-5a92-bb10-2919-566012aa672e,RG-0000000241,1400,24,28.549806,77.241959,12,10000,4,3,1872,100000,300000,3,3,3,1,1
6379165a-9e2a-fb8e-7aed-56604e3d156a,RG-0000000250,2700,36,28.548512,77.201367,12,5000,4,5,4590,150000,450000,4,3,1,1,1
64cea6d4-f4cd-9c7b-77f9-5649d5cbcd73,RG-0000000087,1900,24,77.227868,77.19778,12,0,2,4,2700,80000,240000,4,2,1,0,0
65e30de7-7de5-748d-c4a3-568e3c00ca25,RG-0000000757,1800,36,28.530244,77.202149,12,0,2,3,3285,85000,170000,3,2,1,1,1
67570a7a-87e3-4b80-f211-5641d88b6961,RG-0000000056,2100,0,28.555371,77.213671,0,0,3,4,3186,115000,300000,3,2,2,1,1
67e6d883-28fb-6093-c311-566c2f2fc049,RG-0000000410,4500,36,28.568783,77.262945,12,0,2,4,4500,350000,1000000,4,2,0,1,1
7d5924ce-f4eb-e903-1930-566d30af0ac1,RG-0000000412,1400,24,28.575228,77.231368,12,0,1,3,1953,100000,300000,3,2,1,1,1
7fd34eb3-954c-974e-d6c3-567baeff897e,RG-0000000598,300,12,28.562776,77.241063,12,0,0,1,900,7000,14000,1,2,0,0,0
8019f394-43a7-7604-b073-567a3cef9933,RG-0000000582,1400,24,28.584379,77.241483,11,6000,2,3,1800,125000,250000,3,3,3,1,1
83b94eb6-791c-3524-63d9-5656967ea597,RG-0000000163,1600,24,28.56465,77.157031,12,0,1,4,5787,150000,450000,3,2,2,1,1
8592ad31-d5fd-3d8c-1e81-56701134a07f,RG-0000000456,3000,24,28.557164,77.259598,12,0,4,4,2250,55000,110000,4,3,0,1,1
86bf2fbc-bfeb-0bd9-62b2-567a7e49376e,RG-0000000585,2500,24,28.561865,77.245919,12,0,3,3,900,75000,150000,7,3,1,0,0
875ca703-a2b7-c5ae-db0e-567d1d71f7cc,RG-0000000620,3000,36,28.574723,77.259851,12,2000,3,4,2700,70000,140000,4,3,0,0,0
8793db7b-267d-83c0-c05c-56740f688ad7,RG-0000000502,3000,24,28.543626,77.215326,12,5000,4,5,5400,175000,525000,4,3,2,1,1
8a69f1d1-9cf1-b7ca-9d83-5666e24f244b,RG-0000000331,1700,24,28.581953,77.068653,11,2000,4,4,2000,24000,48000,4,10,10,1,1
b6ffd13f-34cc-396a-0a29-56a21ff1cf9b,RG-0000000913,1500,24,28.562344,77.363487,12,0,1,4,2140,20000,40000,4,2,2,1,1
b898703d-94b6-ed9c-b85f-565ff288fbb5,RG-0000000235,1800,48,28.542701,77.254622,36,0,2,3,2250,60000,120000,3,3,2,1,1
b89f0109-f223-d4ad-93cd-567654cd32be,RG-0000000527,1750,12,28.570116,77.221513,12,0,2,3,2250,55000,110000,3,3,3,0,0
b93204de-7688-b05d-a637-566187d86d31,RG-0000000266,3100,36,28.559937,77.217521,11,3000,2,5,4500,150000,300000,4,2,0,0,0
b9cbec01-4c8b-f9fc-5756-5650496739d8,RG-0000000128,2500,24,28.564972,77.167032,12,0,0,3,4500,200000,1200000,3,2,0,1,0
bdfe0be0-7b16-b3fa-5bd5-56790d1856be,RG-0000000560,3000,24,28.566995,77.22314,12,0,0,4,4500,125000,250000,4,2,0,0,0
c0b5fac6-864a-b35b-7065-5675496b31df,RG-0000000523,2200,24,28.542847,77.210527,12,0,1,3,4500,90000,270000,3,2,1,1,1
c2a7afd2-0a64-057d-7ac0-56741c6bed69,RG-0000000509,2050,36,28.575505,77.236058,24,0,4,3,2925,100000,200000,3,2,1,1,1
c3c86b24-e3c5-c08c-8d01-567918b415bd,RG-0000000564,2050,24,28.522558,77.203525,12,0,4,4,3150,65000,195000,3,2,1,1,1
8ba938bb-1298-79cc-eb09-56793a8d0b72,RG-0000000567,1700,24,28.569848,77.269198,12,0,2,2,2700,45000,135000,2,2,2,1,1
9167beb2-abc2-f6d1-c892-5690ea579b5a,RG-0000000781,450,12,28.540285,77.239798,0,0,1,1,900,70000,140000,1,3,1,1,1
91e7712c-a139-c160-9b70-5666aef996d2,RG-0000000326,4800,36,28.603714,77.184387,12,0,0,4,5400,250000,750000,3,3,0,1,1
9255779c-d55e-bef5-3ae7-5698f16551bd,RG-0000000851,2200,36,28.529612,77.20235,24,15000,5,4,3240,150000,300000,3,3,2,1,1
9438c385-87d9-7192-4c0d-566801d737d2,RG-0000000340,1500,36,28.589183,77.252331,24,4000,1,4,1800,80000,160000,3,2,2,0,0
959bfe1c-520f-3379-3e7e-5662ced2956d,RG-0000000280,900,24,28.555345,77.239671,12,0,0,2,1800,32000,64000,4,2,0,0,0
968337de-6e27-34fd-5057-56741e2b50ac,RG-0000000512,1050,24,28.578549,77.25121,12,0,0,2,1350,40000,80000,2,3,1,1,1
999bb258-513e-6ecf-8f9d-56a210a91cd8,RG-0000000911,2700,24,28.549154,77.246334,12,0,3,5,4050,150000,450000,4,3,2,1,1
9b4b968d-26f4-b05b-ace1-564dd3b84f7b,RG-0000000113,1400,24,28.580545,77.164345,12,2000,3,3,1800,85000,255000,3,2,1,1,1
a3931893-e5ef-1edb-61ef-565aaebebd5a,RG-0000000197,2100,24,28.573785,77.235273,11,10000,3,4,2925,125000,250000,3,3,3,1,1
702c14b7-7f11-5b71-ad49-5661a8ac92c3,RG-0000000271,1400,36,28.54029,77.208326,12,0,0,2,1800,60000,120000,2,2,0,1,1
7c670c6c-5903-d1e4-3cc4-564dbc207d4b,RG-0000000110,1850,24,28.580491,77.165552,12,0,0,3,2520,100000,200000,3,2,0,1,1
7d4f1290-41b2-4e8a-2c5b-566e9e5a8e78,RG-0000000433,2000,24,28.561285,77.25407,12,0,0,4,2700,100000,300000,3,3,0,1,1
a5c226b5-a3a6-0bfc-8c1a-567025aef5a7,RG-0000000460,1400,24,28.559266,77.201363,12,0,2,3,1800,60000,120000,3,2,1,0,0
aceac583-77de-1acc-7998-56584b4ce77b,RG-0000000185,700,11,28.563797,77.194262,6,1000,1,2,1800,28000,28000,2,3,3,0,0
b3beb287-8ae7-8298-1244-5672b68f2c68,RG-0000000486,1400,24,28.580271,77.246053,12,0,2,3,1800,40000,80000,3,3,3,0,0
eab1f923-8325-cd6e-5fbe-5690f02ee681,RG-0000000783,1800,36,28.532649,77.201761,12,0,1,3,2835,100000,200000,3,2,0,1,1
eac805f9-90a1-a575-9c0e-56741c3a0789,RG-0000000507,1000,24,28.571381,77.260839,12,0,1,1,4500,15000,30000,1,3,2,0,0
edd2dac8-d471-f7dc-9516-565707e0eef4,RG-0000000176,1600,24,28.705714,77.192555,12,0,2,3,2457,35000,70000,4,2,1,0,0
ee8b9e59-d9f2-18b4-c44f-568f87137615,RG-0000000763,1200,36,28.559756,77.219356,12,0,3,2,1953,45000,90000,2,2,1,1,1
f13b3387-4eea-2d56-3c50-566918df5ee7,RG-0000000358,1200,24,28.556451,77.368043,12,1000,2,2,3767,26000,52000,2,3,3,0,0
f3801542-565f-88f5-c429-568cedf04985,RG-0000000736,2000,36,28.557311,77.235297,24,0,2,4,2925,75000,225000,4,2,2,1,1
fc590824-acfb-a900-b687-566d31fc15c1,RG-0000000413,2000,24,28.570601,77.227846,12,0,2,3,2925,250000,750000,3,3,3,1,1
dbddbf18-d212-8f97-106b-5656a00785d6,RG-0000000165,1200,24,28.567374,77.247751,6,1000,3,3,2700,42000,125000,3,3,2,0,0
dc523441-feea-466f-7455-5646d048be34,RG-0000000071,2600,24,28.60323,77.189326,24,5000,4,5,4500,275000,550000,4,3,3,1,1
dceb7197-176c-d0ff-473d-565d90ee4504,RG-0000000217,2600,36,28.568425,77.267365,24,2000,1,3,5130,60000,180000,3,1,1,1,1
e125edea-cae2-85ea-a208-5656be7a96ad,RG-0000000171,1300,24,28.556899,77.233626,6,1500,2,2,2700,38000,76000,2,2,1,1,0
e1700e9d-5323-67d6-a684-5680d10b5e1c,RG-0000000644,4800,36,28.568386,77.271922,12,25000,5,4,4500,200000,600000,4,2,0,1,1
e500ca0a-6a29-3722-76d0-566e99954c09,RG-0000000429,1400,24,28.576245,77.233438,12,0,2,1,1953,30000,60000,2,2,2,0,0
d610f947-fa6e-9534-9fa9-56681c606372,RG-0000000352,3300,24,28.561843,77.264594,12,0,4,4,4500,80000,240000,4,2,2,1,1
d7d17fc7-6842-a414-e144-569c8bb05427,RG-0000000874,2800,24,28.529251,77.24334,12,6500,0,3,4500,125000,250000,3,2,1,1,1
d7dc9935-ef1c-fdb2-1d8d-567e6a0d480d,RG-0000000623,1400,24,28.52044,77.215431,12,0,2,3,1800,65000,130000,3,3,2,0,0
d81f63e7-f7c3-6883-9722-566411e31421,RG-0000000303,2250,36,28.560043,77.336841,11,10000,2,5,3165,70000,210000,4,9,1,1,1
d8d5f36f-a5d1-0e05-c3dc-566c23c227b5,RG-0000000407,3500,24,28.567769,77.164725,12,15000,2,3,5400,170000,340000,4,2,1,1,1
d9378f97-8575-fcb8-b864-566522c1c980,RG-0000000316,2300,24,28.524728,77.21414,12,7000,3,4,3150,100000,200000,4,3,1,1,1
c8ccad18-fb6d-df23-257f-56741075352c,RG-0000000503,4200,24,28.543198,77.211092,12,8000,6,5,7200,250000,500000,5,2,1,1,1
c9a75798-a997-21f1-e4a0-567a3bd5641d,RG-0000000580,1600,36,28.584643,77.241494,11,5200,2,3,1800,100000,200000,3,3,2,1,1
cdb6f000-aefe-c9d7-1ba7-568e3a920219,RG-0000000755,2800,24,28.530732,77.243266,12,18000,6,4,4950,175000,350000,4,3,2,1,1
cf7dac80-fa26-564a-33c5-569b3d68d53b,RG-0000000867,4200,36,28.561,77.350873,12,0,0,4,5350,50000,100000,3,2,0,1,1
d0c6b474-7a0a-c366-0c5d-566966fcf6f8,RG-0000000369,2100,36,28.543809,77.293465,24,6000,2,4,2700,100000,300000,3,3,2,1,1
d1fb63b0-8b80-60c8-5aae-5682876a0593,RG-0000000677,1600,24,28.521903,77.214861,12,4000,2,3,1800,70000,140000,3,3,3,0,0
a22e5101-a700-d47c-fed4-568cf5be4f27,RG-0000000737,2000,24,28.568141,77.229347,12,20000,1,3,2925,200000,400000,3,3,2,1,1
d2492e0a-1786-39b0-d0eb-5688fa1668ec,RG-0000000706,1600,36,28.564759,77.195531,12,0,3,3,2340,95000,190000,3,3,1,1,1
5baf8e8a-bf01-6e0b-78fa-568fb7113701,RG-0000000772,2400,24,28.578239,77.164423,12,0,1,4,3600,150000,450000,4,1,1,1,1
85e1b1e8-bc36-53ca-487b-568fc6479513,RG-0000000773,1800,24,28.579285,77.165035,12,5000,4,4,3375,200000,400000,4,3,2,1,1
ea2c62aa-0d6b-4c2a-7d1b-5694adb1bec9,RG-0000000810,3500,24,28.580234,77.166056,12,3500,0,4,2700,150000,450000,3,2,0,1,1
2629d956-f914-15d5-b3be-569370c6dc93,RG-0000000803,1800,24,28.58036,77.165008,12,10000,3,3,2700,150000,300000,3,3,1,1,1
3b7ab6b6-d8a6-cd7a-0833-569c8c76c42a,RG-0000000876,1800,24,28.534332,77.238228,12,0,1,3,4950,40000,120000,3,2,0,0,0
1a5b9e3a-8d85-4dc6-1d6f-5692519d7b2d,RG-0000000795,1800,24,28.580677,77.165686,12,0,3,3,2339,100000,200000,3,2,1,1,1
6b740eb2-91ca-6fbf-dfd1-563de54cac04,RG-0000000026,1350,24,28.564175,77.196636,12,0,2,3,1890,80000,160000,3,3,0,1,1
6bc0d476-b9d7-e43b-c375-569619a9b87e,RG-0000000817,3200,24,28.577555,77.237773,12,0,2,4,3060,150000,300000,4,2,0,1,1
eb63982d-7959-f51e-7350-569c8befc25a,RG-0000000875,2200,24,28.567934,77.227191,12,15000,3,4,2925,165000,495000,3,3,3,1,1
87f14bd6-623a-a30b-9afe-56972f238590,RG-0000000828,2500,24,28.58076,77.163994,12,0,3,4,1800,100000,300000,4,3,0,1,1
23fdd42d-7ae3-c0d6-76fc-569dfe879738,RG-0000000891,4000,36,28.578672,77.171159,12,0,2,5,3600,300000,600000,4,3,0,1,1
efc91308-3444-0429-01c4-569f7f79dc65,RG-0000000906,1800,36,28.557761,77.253966,12,8000,2,5,2700,100000,300000,4,3,0,1,1
6407f2ca-5611-e041-cee0-56a48fcbe497,RG-0000000924,2000,36,28.519005,77.214119,12,0,1,5,1800,90000,180000,4,2,0,0,0
6b27188b-aabf-0792-528f-56aafec6bd33,RG-0000000961,1200,24,28.425567,77.037817,12,5000,0,1,1350,40000,80000,1,12,7,0,0
9d5ef520-e2dd-996a-76b1-5697982a0736,RG-0000000838,1800,36,28.534897,77.239822,12,0,3,3,2250,90000,270000,3,3,2,1,1
ccb81fc0-c683-5528-351c-5698eb3a409d,RG-0000000848,1400,12,28.575655,77.232676,6,0,1,2,1800,80000,160000,3,1,1,0,0
88e66573-283b-6ca7-8706-5698ec7e0ca0,RG-0000000849,1400,36,28.575179,77.230788,12,8000,1,3,1800,110000,330000,3,3,0,1,1
17488f23-bee9-c8c3-c841-565a9a4bf3b9,RG-0000000193,3100,24,28.56334,77.158243,12,6000,4,4,5400,350000,700000,3,3,3,1,1
1574f6f0-9606-5aa1-3729-564850606f59,divya,2050,24,28.547745,77.238026,12,3000,3,4,300,100000,200000,4,3,1,1,1
17971919-1b17-9e25-1191-566153af92fb,RG-0000000263,1000,36,28.556894,77.242499,12,0,2,2,1800,40000,120000,2,3,2,0,0
139515e7-fc80-4e4b-4ca0-5677e7ee0d66,RG-0000000549,2100,12,28.56931,77.272449,12,0,0,3,2700,120000,240000,3,2,0,0,0
21d91b07-f4f4-f0a4-7fed-567181d9cba9,RG-0000000478,2700,24,28.549606,77.201968,12,0,3,5,4500,200000,400000,4,3,1,1,1
1f102bd8-4cdf-3cc9-ca86-567bb6de8f80,RG-0000000604,2200,24,28.539021,77.260434,12,0,2,4,2880,60000,180000,5,2,2,0,0
18581827-607a-ce98-eaea-567d1c149af4,RG-0000000619,1100,12,28.562288,77.248702,12,0,0,2,1200,32000,32000,2,3,2,0,0
1a6fa4c9-e445-f9f2-0a8a-5666de85d301,RG-0000000329,3000,24,28.566831,77.158346,12,5000,2,4,9000,120000,360000,3,1,1,1,1
29d22638-1772-845d-8026-565aab3185f2,RG-0000000196,2100,24,28.562661,77.158865,12,2000,2,3,3663,150000,300000,3,2,1,1,1
2d1f06db-6c65-8d2f-e3f1-5650528e8998,RG-0000000131,3500,24,28.566008,77.158772,12,0,0,3,5400,160000,480000,3,2,0,1,1
2d714715-a83c-1d01-f6c4-56768727d54a,RG-0000000535,1800,12,28.570917,77.222054,12,0,0,4,0,80000,160000,1,3,0,0,0
2f0f4fa0-8fb9-2b1c-4e94-568e55fa50cc,RG-0000000759,2200,36,28.529612,77.20235,24,15000,5,4,3240,175000,350000,3,3,1,1,1
300e93c8-6ed5-c8a3-f7e5-568e3b6d3715,RG-0000000756,1800,36,28.530139,77.202386,12,0,4,4,3330,85000,255000,4,2,1,1,1
3397b353-042c-1025-e2d0-567e7d0dd171,RG-0000000628,2800,24,28.56985,77.260905,12,5000,2,3,4500,100000,300000,3,3,2,0,0
33c289a1-384c-5392-b8ff-566592ba13e9,RG-0000000323,3000,24,28.561191,77.156895,12,6000,4,5,7245,225000,450000,5,3,2,1,1
37007b9b-6b8a-4739-548b-56795af99f25,RG-0000000573,3200,24,28.569289,77.2692,12,2000,3,5,4500,90000,270000,4,2,1,0,0
3cd26c93-8526-9fd8-638a-56569466c872,RG-0000000162,2200,24,28.571954,77.228796,12,10000,2,4,2925,150000,450000,3,3,2,1,1
4de68062-b092-dfa2-03c6-567652f9ba4d,RG-0000000526,1400,12,28.569846,77.219794,12,0,2,4,1800,90000,180000,3,3,3,0,0
4f9cd1e7-f1c4-2164-a7b0-568df5343f2f,RG-0000000743,900,24,28.548247,77.232732,12,0,0,3,1872,45000,90000,1,2,0,1,1
5089b066-f75e-de35-edf5-566bb9e74632,RG-0000000393,800,0,28.556952,77.259955,0,0,1,1,2250,35000,70000,1,2,1,1,1
5249fc51-346c-fa72-27e5-56826df40de4,RG-0000000660,1600,36,28.546815,77.237121,24,0,2,3,1872,50000,100000,3,2,2,0,0
52547d20-9b5e-3094-cbea-56740b74540c,RG-0000000500,1050,24,28.558096,77.241284,12,500,1,2,1125,52000,156000,2,2,1,0,0
526793ea-b5b4-c427-7b26-568e0241dd16,RG-0000000747,1600,24,28.629714,77.216029,12,0,2,3,2000,210000,630000,3,3,3,0,0
543f678b-f79e-ddf8-5908-56694f1631c0,RG-0000000366,3500,36,28.560085,77.162543,12,10000,3,4,10800,200000,600000,4,3,2,1,1
3ec12fb4-4195-9cc3-a9a7-565d3c0da1db,RG-0000000209,2050,11,28.579259,77.165033,6,0,4,5,2700,125000,250000,4,3,1,1,1
4072debf-677f-a3ab-5391-5667ffc21ed6,RG-0000000339,1400,12,28.616852,77.372728,12,2500,3,2,1550,25000,50000,3,9,4,0,0
47b9577d-f535-46ab-74d5-568cc43553e5,RG-0000000733,1900,24,28.537561,77.203231,12,0,1,2,2700,80000,240000,3,1,1,1,1
4a67b37a-7f40-2475-8051-566fc9262b11,RG-0000000449,1050,24,28.558096,77.241284,12,500,0,2,1125,55000,165000,2,2,0,0,0
6137f73f-b3a8-69f1-e589-567e6c43b203,RG-0000000625,1600,24,28.521903,77.214861,12,4000,2,3,1800,70000,140000,3,3,2,0,0
61a64fcc-799e-171f-eb67-5685017bca2a,RG-0000000692,1200,24,28.539378,77.241364,12,0,3,1,2250,35000,70000,2,3,3,0,0
64af3367-35df-03b1-77d1-566412560e42,RG-0000000304,12000,24,28.548503,77.365832,11,10000,2,11,4844,180000,540000,8,2,0,1,1
6502e671-a482-59a8-b96d-5692065cf0dc,RG-0000000788,2000,36,28.557492,77.219396,12,4000,3,3,9000,90000,180000,3,3,1,1,1
251d8911-c58f-4e47-585c-5663ecb81676,RG-0000000300,2050,24,28.544588,77.258957,12,0,2,4,2700,90000,180000,4,3,3,1,1
23c6d4d0-fd80-4821-de8b-565fea32b5cd,RG-0000000233,1200,24,28.555461,77.367387,11,0,2,2,3767,26000,52000,2,3,0,0,0
b5fc7877-660f-b48f-4d9d-568283075464,RG-0000000670,1400,24,28.522061,77.204968,12,0,2,3,1800,35000,105000,3,3,2,1,1
b6aeacfb-9556-84ef-9f33-5658117a4675,RG-0000000179,1400,12,28.553338,77.210233,11,5000,2,3,1800,110000,220000,3,3,3,1,1
b9aa7d59-6d7d-8dc9-c0e9-567bb16f33c7,RG-0000000602,2200,24,28.519475,77.210025,12,7000,5,4,3600,125000,375000,4,3,2,1,1
bc43885e-e283-09dd-d86e-565845ab8b9c,RG-0000000181,2500,24,28.566641,77.230188,12,6000,2,4,7650,175000,350000,4,3,2,1,1
bc5a9770-9a9a-977e-025e-567f8e4ca092,RG-0000000634,450,24,28.550211,77.23738,12,0,1,1,2700,50000,150000,1,1,1,0,0
bca30afc-a1ed-5220-f6f2-56584921b0d8,RG-0000000183,2050,24,28.569319,77.269203,12,0,3,3,2700,80000,240000,3,2,2,1,1
bd83fc7a-353d-8504-f955-56693d1a8b92,RG-0000000361,1500,24,28.575812,77.231088,12,0,1,3,1953,79000,158000,3,3,3,0,0
bdd55054-4914-26cd-599d-567a3a90bbf2,RG-0000000579,1000,24,28.571381,77.260839,12,0,1,1,4500,15000,30000,1,3,3,0,0
c1ccaf10-281c-d271-bba5-56643f101135,RG-0000000312,1400,0,28.564034,77.221995,0,0,0,2,1800,50000,100000,3,2,2,0,0
c1f1e3d0-3d60-9615-618a-568e688c4c02,RG-0000000760,6600,36,28.531464,77.200896,24,1500,4,4,4644,300000,900000,4,3,1,1,1
c48891c2-1240-9c48-e76d-56680efb24ba,RG-0000000344,4600,24,28.566264,77.267392,12,0,1,4,5400,175000,525000,4,1,0,1,1
96258c9b-882a-6345-b175-5680ee730d56,RG-0000000647,5000,36,28.550338,77.234571,24,0,4,7,4500,500000,1000000,7,2,0,1,1
97803c49-a2a4-b9d7-273c-566908f9276f,RG-0000000357,2300,24,28.524179,77.213853,12,7000,3,4,3150,100000,200000,4,3,3,1,1
9a6804d3-b504-b30f-df0f-567a3908b26b,RG-0000000577,3000,24,28.56727,77.260747,12,0,2,4,4500,120000,240000,4,3,2,0,0
9a75124f-7582-5925-6333-5646e791be43,RG-0000000075,2100,24,28.563443,77.166289,18,2000,5,5,3600,200000,400000,4,3,0,1,1
9cc2eb43-55bc-cacc-01d7-568b7a389d0c,RG-0000000718,2200,24,28.533802,77.245395,12,4000,0,3,2925,75000,225000,3,2,0,1,1
9ee12c03-9a32-ffc6-9b9c-5645f78bcbf5,RG-0000000068,2100,24,28.55058,77.206626,12,1500,3,4,2970,100000,300000,4,3,1,1,1
a07a5e0e-2fd5-9d41-38a1-56680b30115b,RG-0000000343,2200,24,28.566417,77.267521,12,8000,2,4,4500,120000,360000,3,2,2,1,1
a34ca531-a6e9-dbc1-5d66-567027cabf4e,RG-0000000462,2100,24,28.555838,77.205759,12,15000,0,4,2700,150000,450000,4,3,0,1,1
6b017c3c-fecc-3aa5-eb0a-566d4022618d,RG-0000000421,2000,24,28.569922,77.226836,12,0,2,2,2925,70000,140000,3,1,1,1,1
6b22f49f-0076-250b-28eb-5676c0b04f21,RG-0000000543,1600,36,28.541526,77.21418,24,2500,2,2,2700,65000,130000,2,2,2,1,1
717b0880-9d7d-e6b3-8bc6-566a711c6007,RG-0000000378,2200,36,28.561018,77.156995,12,6000,4,4,3600,125000,250000,3,3,3,1,1
73044045-d1e6-e726-b22a-5667e16f1e7a,RG-0000000337,2200,24,28.564308,77.26565,12,0,3,4,3600,125000,250000,4,3,1,1,1
735b817f-1508-2c4b-4eeb-567d03489d32,RG-0000000613,2000,24,28.556275,77.234025,12,10000,2,3,2700,180000,360000,4,2,0,1,1
740a0d24-7fa1-cc1f-5ea5-566bc5c1866c,RG-0000000395,3000,36,28.549222,77.197936,24,0,0,3,4500,175000,350000,4,2,0,1,1
79faf517-1c1c-0b85-fdea-566565b652f3,RG-0000000319,4000,36,28.554902,77.204229,12,0,1,5,3150,170000,340000,3,2,0,1,1
7d15bb18-17b7-1b6f-8dc7-566bd7bc3f41,RG-0000000398,4000,24,28.534217,77.239371,12,0,0,4,9000,250000,500000,4,1,0,1,1
8e211af0-0681-312b-9c68-566aad535c3f,RG-0000000387,3000,24,28.538972,77.24925,12,0,5,5,4500,180000,360000,5,2,0,0,0
8ec95466-315d-5a30-8600-56530d24c005,RG-0000000149,2100,24,28.561425,77.162935,12,3000,2,4,3600,175000,525000,4,2,1,1,1
90aeb233-3b63-6cba-0a65-56793b38db1a,RG-0000000568,2800,24,28.569914,77.2682,12,10000,1,4,4500,100000,200000,4,3,1,1,1
917eea2b-355b-d5b1-1a19-566590f86034,RG-0000000322,2200,36,28.561244,77.156984,12,6000,4,4,3600,75000,150000,3,3,2,1,1
93cc279d-2ec9-ba4b-2d41-564ebccda7f3,RG-0000000115,2800,24,28.547254,77.197463,12,12000,3,5,4500,225000,1000000,4,3,3,1,1
953f7324-113d-9cf9-cce6-5659882894b1,RG-0000000190,1500,24,28.563968,77.193802,12,0,1,2,1800,42000,84000,2,2,1,0,0
dac7bbfa-aae4-62c8-02c4-5667fdd27a93,RG-0000000338,2000,24,28.531114,77.372332,12,0,0,3,2700,50000,100000,2,1,0,1,1
de4197bb-9d28-0b2a-b5e5-56827c183331,RG-0000000663,1400,24,28.508899,77.19669,12,0,2,3,1800,28000,28000,3,3,2,0,0
e01709cf-f052-dbe5-ad7b-567a35ce5a7b,RG-0000000574,4200,24,28.543231,77.210754,12,8000,0,5,7200,300000,600000,5,2,0,1,1
e3f30f54-2216-d419-fc29-567ba3b887fb,RG-0000000595,2050,24,28.541464,77.218357,36,12500,2,4,4500,175000,700000,4,3,1,1,1
e4108731-2d85-f5ec-bf03-564ec70f996e,RG-0000000118,2050,24,28.573574,77.234599,12,10000,2,3,2925,150000,300000,3,3,2,1,1
d2defb3f-3c56-6b42-cd52-566965450440,RG-0000000368,2200,36,28.542572,77.210518,12,8000,2,3,3600,135000,375000,3,2,2,1,1
d688980e-dd05-bd4f-8f5b-56701f15e8e3,RG-0000000457,2800,24,28.56135,77.204478,12,0,2,4,3600,100000,300000,4,2,1,1,1
d79b0fb0-04fc-f6e2-5c3a-568b8f4d0464,RG-0000000720,1800,24,28.53317,77.245658,12,5000,2,4,2700,100000,300000,3,3,2,1,1
d9b6989e-3f19-2022-223b-56768b5ee9f5,RG-0000000537,1800,24,28.491884,77.088199,12,4500,1,3,2225,85000,170000,3,15,8,1,1
a8256e34-4d4a-ea88-78c5-567026d71e58,RG-0000000461,900,24,28.556913,77.201658,12,0,0,2,1800,50000,100000,2,2,0,0,0
a94ea0c8-1afd-1071-f4ec-56605b681eb6,RG-0000000251,4200,24,28.480366,77.081327,12,6000,5,5,5000,100000,300000,4,15,0,1,1
ad65abc4-82fd-afe7-0d64-5663d3fd8b45,RG-0000000299,1600,36,28.520932,77.204574,24,0,2,3,2700,65000,130000,3,2,1,1,1
b15f94da-d7e9-69dd-c3d4-568f8dd5af77,RG-0000000765,2200,24,28.529887,77.24414,12,0,3,3,4950,85000,170000,3,2,2,1,1
ce2d60ff-cbcc-2968-c445-5661853d1c52,RG-0000000265,2300,24,28.558296,77.216647,12,0,4,4,9000,90000,180000,3,3,1,1,1
ce34d73e-8146-5359-d2e0-564dcf3f714e,RG-0000000112,2100,24,28.577072,77.164809,12,4000,3,4,3600,180000,360000,4,3,1,1,1
d0c53fd3-6e46-d147-9349-568282a70e62,RG-0000000669,2200,24,28.519475,77.210025,12,7000,5,4,3600,150000,450000,4,3,3,1,1
7d6bec28-8a58-97e4-8025-56a35c4020c4,RG-0000000918,850,24,28.534288,77.218425,12,0,1,2,918,50000,100000,2,3,2,1,1
7eca143f-620b-0f30-568e-569f822715c5,RG-0000000908,2500,24,28.528441,77.245841,12,15000,2,4,4950,125000,250000,4,3,2,1,1
8b726fdd-4e42-0ee3-fc44-5693671bff4e,RG-0000000800,1500,24,28.540225,77.238363,12,2500,2,3,1800,55000,110000,3,3,3,1,1
e5ab18e2-b526-0caf-b8b9-5676bffe5e2a,RG-0000000542,2100,36,28.541489,77.219459,24,0,3,5,4500,110000,330000,4,3,1,1,1
e5e78c36-3c55-4d0b-2531-566c1a1e1ffc,RG-0000000403,2000,24,28.557716,77.253003,12,6000,3,3,2700,70000,140000,3,3,2,1,1
e7ac126e-7d24-ee19-e707-56693efffe50,RG-0000000364,3500,24,28.560092,77.162443,12,15000,5,5,7200,325000,975000,4,3,2,1,1
ea280d38-fef3-6d44-00d3-566fffacec3e,RG-0000000454,2000,24,28.54738,77.256924,11,0,1,3,2700,110000,330000,3,3,1,0,0
ef35b359-6f89-83cf-d65d-5675489d5719,RG-0000000522,1500,24,28.574337,77.241783,12,3500,2,2,1800,70000,210000,3,3,3,0,0
f6880533-7e00-dc51-219d-56693e08ddc2,RG-0000000362,3000,36,28.565224,77.162398,12,0,0,3,5400,200000,600000,4,2,0,0,0
fe9c0b25-4eae-3d73-8b41-564d3b453678,RG-0000000104,3000,0,28.400862,77.051694,0,16000,5,4,3979,60000,120000,4,17,16,1,1
54bcb186-2df6-df86-5892-569c8a78223c,RG-0000000873,2500,24,28.534877,77.238976,12,0,3,3,5400,100000,200000,4,4,4,1,1
6c08bfb3-88cd-1c86-8904-568ba9c2afb7,RG-0000000722,1400,24,28.556152,77.212221,12,1500,2,3,1800,50000,100000,3,2,2,1,1
a18aff47-7169-a088-64ee-568e29ca6786,RG-0000000751,1400,24,28.575116,77.165208,12,0,2,1,3600,40000,120000,2,2,2,1,1
8631d05f-bbed-f56a-6d7d-568fab11948a,RG-0000000771,2200,24,28.57424,77.162815,12,0,0,3,3600,150000,300000,3,2,0,1,1
bdab7654-c9e1-1184-7292-5684feba7382,RG-0000000688,2200,24,28.552601,77.23273,12,0,0,3,4500,150000,300000,3,2,0,1,1
7d5e50ea-c339-ad81-3b4a-5693922e3c69,RG-0000000806,1400,24,28.534332,77.238228,12,0,2,3,4950,40000,120000,2,2,2,0,0
1d56d316-11ae-59a6-81f9-56a2107972ac,RG-0000000912,1200,24,28.572932,77.221111,12,0,1,2,1872,40000,120000,2,2,1,0,0
bf2e63a2-2e8a-57f2-06fb-5694f9f427ce,RG-0000000815,600,24,28.58156,77.326359,12,0,1,1,1800,10000,20000,1,2,1,0,0
677b551e-48b6-f3e7-fefe-5699db4d0cfd,RG-0000000854,3000,36,28.552212,77.201634,12,0,1,4,3600,200000,600000,4,1,0,1,1
82a56418-7ef5-44fc-7ab0-5690d5fa9b49,RG-0000000776,2800,24,28.580029,77.163812,12,1000,2,4,3600,180000,360000,4,2,1,1,1
dbec0c19-86da-5d78-7c12-569cbdb52cbc,RG-0000000881,1800,24,28.550598,77.239463,12,0,1,4,2700,90000,180000,3,2,0,1,1
57f05181-04fa-d68d-a35b-569a08abfb1c,RG-0000000861,2000,36,28.556716,77.233832,12,10000,2,4,2700,90000,180000,4,3,0,1,1
bce61d40-e036-dfc7-97bc-569b734d787e,RG-0000000870,1800,24,28.535421,77.249598,12,8000,3,3,2880,125000,250000,3,3,0,0,0
e9d3f76b-7163-a351-039f-5692630fba63,RG-0000000797,1080,24,28.539597,77.243548,12,0,1,3,1440,55000,110000,3,3,1,0,0
536688aa-eaf9-50c5-f9ce-56a364b0e7d3,RG-0000000921,2100,24,28.575038,77.233917,12,10000,2,3,2925,160000,320000,3,3,3,1,1
5bc951bc-d538-c66a-84fc-5640494fdf34,RG-0000000037,2100,24,28.574566,77.235161,12,10000,2,3,2925,140000,280000,3,3,2,1,1
d348b56c-06d4-7212-cddd-569df65822e1,RG-0000000888,3200,36,28.578507,77.170832,12,0,5,5,3600,200000,400000,4,3,0,1,1
36271a13-58e1-7385-fd03-56aaf8d100ac,RG-0000000959,1800,36,28.557761,77.253966,12,8000,2,5,2700,100000,300000,4,3,1,1,1
b7e204ad-be75-cc56-b336-56b2fc88e55a,RG-0000000987,1200,16,28.603464,77.083377,0,0,0,2,1200,12000,10000,2,3,1,0,0
1cb70f1e-57dd-fe91-f26d-56558ad455ed,RG-0000000157,2150,24,28.561171,77.202676,12,8000,2,4,3240,180000,360000,4,3,0,1,1
1a0fa409-0f04-bb18-e603-564ad6af6dd9,RG-0000000090,2400,24,28.564804,77.191472,12,0,4,4,4050,125000,375000,4,3,2,1,1
13cd2538-4c14-3c3f-1ba9-567926a7e4ab,RG-0000000565,2200,24,28.523317,77.204415,12,7000,2,5,3600,100000,300000,4,3,2,1,1
186ceb74-6258-28b9-67d1-568143a0f8e4,RG-0000000652,700,24,28.563574,77.249044,12,0,2,2,900,19000,19000,2,3,3,0,0
1f28cb06-b81c-1a43-1655-56604c315f6c,RG-0000000248,2400,0,28.562607,77.15887,0,0,4,4,3820,150000,450000,4,2,2,1,1
27f60d6e-718e-7de9-2127-567f883c34c1,RG-0000000629,1300,12,28.531257,77.205326,12,0,1,3,1800,65000,130000,3,2,2,1,1
22d6361c-a254-ae78-80f4-564870afbba2,RG-0000000080,2800,24,28.550864,77.233679,12,3000,3,4,500,200000,400000,3,3,1,1,1
2289c3b2-c6ae-6cca-c847-566abdca5b5c,RG-0000000388,900,24,28.540758,77.249925,12,0,3,1,1125,40000,80000,2,2,1,0,0
3103370e-0964-c232-3cfe-56693e244b64,RG-0000000363,9000,36,28.473902,77.100764,12,10000,8,7,9207,210000,630000,5,2,0,1,1
2f8dbf45-9911-7bba-f288-5668104ac22f,RG-0000000345,2200,24,28.567977,77.268202,12,0,2,3,4500,70000,210000,3,1,1,1,1
25654c7e-5265-89db-267e-564aff2df9ca,RG-0000000091,2800,24,28.547254,77.197463,12,12000,3,5,4500,200000,1000000,4,5,0,1,1
2aab496f-8a18-b9c9-25dc-567ba46fa6b3,RG-0000000596,1800,12,28.578016,77.244077,12,0,1,3,1800,100000,200000,4,3,2,0,0
2a31e5ec-2bcc-cb8a-9c5b-567fa751446d,RG-0000000635,1800,36,28.549827,77.230905,24,6000,2,4,2700,130000,260000,3,3,0,1,1
3a28319f-5b5b-e574-92b9-5677baccbb4c,RG-0000000546,3200,36,28.568656,77.27301,12,6000,2,4,4500,120000,360000,3,2,2,1,1
32728434-e449-7de5-8eec-5698e41c6da0,RG-0000000845,1800,36,28.530139,77.202386,12,0,4,4,3330,80000,240000,4,2,2,1,1
36025c7b-5d17-65f9-ae68-569a3164bdc0,RG-0000000864,1300,36,28.564409,77.364934,12,0,1,2,2140,20000,40000,2,2,2,0,0
320218f5-26d1-380e-0fe3-565d4e259e08,RG-0000000214,2200,12,28.568613,77.267215,12,5000,0,3,4500,110000,330000,3,1,0,1,1
3fecad66-5bfd-ea09-dff5-56569889c043,RG-0000000164,1300,24,28.562093,77.158167,6,10000,1,2,5400,100000,300000,2,2,0,0,0
43f8b450-3bc5-e98e-b176-566a6482e932,RG-0000000376,2200,24,28.540256,77.20868,12,0,1,4,2025,135000,270000,4,3,1,1,1
4292487d-db91-7766-7170-567a3bb581bd,RG-0000000581,1600,36,28.584643,77.241494,11,5200,2,3,1800,100000,200000,3,3,3,1,1
40e62c7e-c4be-daa0-3ac1-56570c6f31da,RG-0000000178,1600,24,28.688013,77.140244,12,3500,2,3,1800,38000,125000,3,3,1,0,0
3d19de92-ea25-f574-7dab-5667dab75729,RG-0000000336,2500,36,28.565192,77.267623,24,6000,3,3,4500,130000,260000,3,2,1,1,1
4b923444-21fb-b0f3-1da2-56790c8d8019,RG-0000000559,5000,24,28.57215,77.220991,12,0,3,5,9000,200000,400000,5,2,1,1,1
47767663-4d77-e710-a752-567a530b3c3a,RG-0000000583,2100,24,28.570137,77.269759,12,10000,1,3,2700,75000,225000,3,3,3,0,0
445cca61-e92d-ea0e-f96c-5672c6242b3b,RG-0000000493,3000,24,28.56727,77.260747,12,0,2,4,4500,115000,230000,4,3,1,1,1
4de13eaf-38e9-bc1e-42cc-5652c4cc9960,RG-0000000142,2100,24,28.524062,77.203654,12,6000,3,5,3600,100000,300000,4,3,2,1,1
59c13f0e-54a1-21b1-de6c-56515c7eddb0,RG-0000000134,3100,24,28.564707,77.157149,12,0,2,4,5787,180000,540000,4,2,1,1,1
5be3c00c-9b10-6d81-2a6a-568f9a7f54ce,RG-0000000768,2800,24,28.529251,77.24334,12,6500,0,4,4500,125000,250000,4,2,0,1,1
5bf7c577-e725-da74-efa4-567a3862e395,RG-0000000576,2100,24,28.545795,77.253428,12,0,1,2,2700,25000,50000,2,3,3,0,0
5d2945c7-4d98-0197-0e95-5666ab5e35c2,RG-0000000325,3000,0,28.567678,77.276363,0,0,1,5,4500,250000,750000,5,1,0,1,1
5ed160e5-1bf4-96ee-55df-566bfed80ba9,RG-0000000401,1750,0,28.557311,77.259324,0,10000,2,3,2250,100000,200000,3,3,0,0,0
67827e3d-7939-dcdb-d38e-568e0278638c,RG-0000000746,1400,24,28.574348,77.229363,12,0,1,2,2097,150000,450000,2,3,2,0,0
6a78ffec-3d06-ce08-5742-566563c22e62,RG-0000000318,2100,36,28.551807,77.20976,24,10000,2,3,2700,120000,360000,3,3,1,1,1
574512a5-d7ee-8db1-1b5f-565419bd095f,RG-0000000151,2050,24,28.529231,77.245056,12,8000,0,4,2700,300000,900000,4,3,0,1,1
54574267-75a9-4a1e-419d-5680d3fc286b,RG-0000000645,2200,24,28.569794,77.217661,12,2000,4,4,3420,65000,130000,4,2,2,1,1
526855ca-1e0c-836b-4a46-5671217ec2f1,RG-0000000472,1250,24,28.558054,77.201747,12,0,2,2,1620,70000,210000,3,3,3,0,0
52e066db-399f-5312-385e-56658d397543,RG-0000000321,3000,24,28.567574,77.159638,12,6000,0,3,9000,120000,300000,3,2,0,1,1
da509969-3895-49d2-a730-56403c1017f8,RG-0000000032,1500,24,28.556255,77.219485,12,5000,2,2,3600,125000,300000,2,3,3,1,1
dab8ca94-a2fe-6a6b-1b33-5688cba0dacf,RG-0000000703,3600,24,28.537112,77.24156,12,0,0,4,2250,300000,600000,5,2,0,1,1
db721dc3-4b59-8bd9-2611-567810124ac0,RG-0000000553,1750,24,28.564711,77.221804,12,0,2,3,2250,50000,100000,3,2,1,1,1
dca43d43-975f-9e06-300e-564ec82278c6,RG-0000000119,1500,24,28.577388,77.231105,12,0,2,3,1952,80000,160000,3,2,2,0,0
dd61c4d5-f599-3ce2-a521-5698d7fefdca,RG-0000000844,2800,24,28.530732,77.243266,12,18000,6,4,4950,175000,350000,4,3,1,1,1
e0da3b66-f32e-4e37-e9fd-56810d69ec41,RG-0000000648,2000,36,28.557311,77.235297,24,0,2,4,2925,80000,240000,4,2,1,1,1
e1cd09ac-65e1-efee-10af-567bc2ef51c4,RG-0000000605,1800,12,28.578016,77.244077,12,0,1,3,1800,100000,200000,4,3,3,0,0
e2b0ea82-65b2-c46b-1063-565c2b30b859,RG-0000000204,2100,36,28.54294,77.293832,24,6000,2,4,2700,100000,300000,3,3,1,1,1
e2d60284-2c9d-c9b8-6f00-567fa9c9eb80,RG-0000000638,450,12,28.550286,77.242444,12,0,1,3,450,15000,15000,1,3,1,0,0
e313f0c4-02c9-56e4-9796-568259454737,RG-0000000656,1500,24,28.548544,77.233456,12,7000,3,3,1872,70000,140000,3,3,2,1,1
e39a9124-27aa-2dd0-66f5-56790b93dc76,RG-0000000557,1400,24,28.532149,77.206942,12,0,0,2,1800,40000,40000,3,2,0,0,0
e3a4858d-55a3-d46f-fb67-5661adcbe811,RG-0000000272,968,24,28.635634,77.338851,12,0,0,2,1100,14000,28000,2,2,0,0,0
975102f9-0d1c-42a0-a5dd-5638756d12ac,Nirmal Mahajan,400,12,28.563471,77.23691,12,0,2,1,1125,14000,14000,1,3,1,0,0
99ec1c5c-63db-77b5-31aa-563df66378e3,RG-0000000030,2000,24,28.543338,77.2197,12,3000,4,3,2700,125000,250000,3,3,0,1,1
9b4142c8-26f4-2dc7-47a2-569f70c0a57b,RG-0000000903,1400,36,28.558792,77.20206,12,0,1,2,4500,55000,110000,2,3,2,0,0
9d9459b7-15c1-b059-b05c-566d15efcd3b,RG-0000000411,2200,0,28.57988,77.16325,0,0,0,3,3600,175000,525000,3,1,0,1,1
9dc16d3b-6802-b5c6-7b7d-56814b76b95a,RG-0000000653,2100,24,28.550484,77.238505,12,1200,0,2,2817,55000,165000,3,2,0,1,1
a07927e3-2897-3c27-4a77-566c2090ee71,RG-0000000405,2600,36,28.566869,77.26744,24,3000,1,3,4500,60000,180000,3,1,1,1,1
a42fe08b-a9a0-0192-7acc-5657088b4eb0,RG-0000000177,2100,24,28.702742,77.19218,12,0,2,3,3600,50000,100000,4,3,2,0,0
a4d246fc-c8d9-6048-9466-5661b30854f0,RG-0000000277,2400,24,28.597191,77.373681,12,0,0,3,4500,40000,80000,3,1,0,1,1
7de2a719-cf1a-b645-a767-56717bad597b,RG-0000000473,1700,12,28.551223,77.205591,12,0,1,3,2565,125000,375000,3,3,2,1,1
7ee67cdd-d1bf-1a7e-f3c5-568df53483dd,RG-0000000742,450,12,28.550286,77.242444,12,0,1,3,1800,30000,30000,1,3,3,0,0
80079235-37b8-08d9-e710-5676c0d3f2cf,RG-0000000544,2050,36,28.541247,77.21825,24,12500,0,4,4500,175000,525000,4,3,0,1,1
8429a801-84c1-5d62-8aea-568e2bf6f789,RG-0000000753,5000,36,28.529819,77.203547,24,0,7,7,3150,250000,500000,8,2,0,1,1
8692cdfa-63c9-bab9-2ee9-566430c6f70b,RG-0000000306,2800,36,28.567633,77.362517,11,1000,2,3,2331,36000,108000,4,2,0,1,1
89622efa-08e3-8838-055b-5640923631bc,RG-0000000044,1400,24,28.550729,77.240463,12,0,2,3,1872,65000,130000,3,3,3,1,1
8a1c85ed-d3fc-ab6b-17ad-56741e2dffdd,RG-0000000511,3000,24,28.569914,77.274286,12,0,2,3,4500,80000,160000,3,3,2,0,0
8b9938bb-6a16-c5cf-6f3b-5688df592c04,RG-0000000704,1600,24,28.537517,77.242022,12,5000,3,3,2250,70000,210000,3,3,2,0,0
8ceea6d7-2796-cc61-66b6-567bd58810ff,RG-0000000608,700,12,28.560738,77.240848,6,0,1,2,900,27000,54000,2,2,2,0,0
8dbeedb9-d174-d2f9-b033-565cc3eca4a0,RG-0000000206,1400,12,28.619939,77.371317,12,2000,4,2,1600,19000,38000,3,9,7,0,0
8e8fe670-c1f2-74db-c9b1-564044c1a641,RG-0000000035,2050,24,28.576936,77.23285,12,3000,1,3,2700,125000,250000,3,3,0,1,1
93c9cf6b-c8e1-7dcd-ff69-5685015d1c8d,RG-0000000690,1500,24,28.546344,77.235001,12,0,2,2,1872,50000,100000,3,2,1,1,1
9475b224-9b4b-8f0a-ac52-5682826e6b19,RG-0000000668,450,12,28.564418,77.248992,12,0,1,1,1125,6500,13000,1,3,1,0,0
95399881-301e-0998-9580-5667d8e9968f,RG-0000000335,2200,60,28.569055,77.270105,36,1000,3,3,4500,80000,240000,4,2,1,1,1
a5004f62-6bc5-8e58-56b7-564c597eaafa,RG-0000000097,2100,24,28.573898,77.236239,12,0,3,3,2925,220000,660000,3,3,3,1,1
a76b8083-6bbf-d51b-95c5-56793c925c6e,RG-0000000570,3200,24,28.570255,77.270395,12,11000,4,5,4500,160000,480000,4,3,0,1,1
a7a0553c-ad6b-b572-891c-566c1b6073e8,RG-0000000404,300,24,28.555301,77.245611,12,7000,4,4,3600,150000,300000,4,3,3,0,0
a9e7d1e8-677e-a353-69a6-566828101440,RG-0000000354,1400,24,28.594013,77.072407,12,1500,2,3,1700,23000,46000,3,10,7,1,0
ab7c07bf-4ebe-8dac-3434-567f8ad93df3,RG-0000000631,1100,24,28.552265,77.230393,12,0,0,2,1350,65000,130000,2,2,0,1,1
b03dc45e-5eb4-d48c-ee03-5682803576a9,RG-0000000665,3200,24,28.570255,77.270395,12,11000,4,5,4500,160000,480000,4,3,2,1,1
b2185bde-d967-b532-83b6-567024a7680a,RG-0000000458,575,12,28.558962,77.202099,12,0,1,1,4950,18000,18000,1,2,2,0,0
b9aeb06e-fd24-afe3-6e42-566a5e83e35b,RG-0000000375,2800,24,28.547825,77.240376,12,7000,3,3,4500,140000,280000,3,3,2,1,1
bae6700f-1732-4d4a-5d9c-567951915f26,RG-0000000571,500,12,28.560946,77.244635,6,0,1,1,600,23000,23000,1,3,2,0,0
bcf6a010-f992-227d-62b3-56793cefe9d8,RG-0000000569,3200,24,28.568168,77.269238,12,0,2,3,4500,100000,300000,3,2,1,1,1
bdd8567b-3b0d-3908-a7fe-564ebc5bce4b,RG-0000000117,2000,24,28.547254,77.197463,12,0,2,3,3600,125000,500000,3,2,1,1,1
be03fad1-2330-f6ce-81bf-564c515c2bd1,RG-0000000096,3000,24,28.545552,77.208435,12,2500,3,4,4950,150000,300000,4,2,2,1,1
c496e8da-1cbf-fe14-4bbe-566a71917dfe,RG-0000000377,2200,36,28.561018,77.156995,12,6000,0,4,3600,130000,300000,3,3,0,1,1
c67a06bd-fd1a-68fa-c1fa-5660342c9a56,RG-0000000244,2200,36,28.576631,77.166763,18,6000,4,5,3600,175000,520000,4,2,2,1,1
c97c530e-ea82-2dae-41c0-5676642a6f10,RG-0000000531,1800,12,28.578016,77.244077,12,0,1,3,1800,100000,200000,4,3,1,0,0
ca726395-1720-4f16-80b6-566e68bdc85f,RG-0000000426,1300,36,28.615528,77.37276,12,1750,2,3,1400,24000,72000,3,4,3,0,0
cc896e33-e4e7-baa0-80e1-566304c6fd12,RG-0000000292,1500,24,28.543927,77.247015,6,1000,3,3,1800,60000,120000,3,3,3,1,1
ce8aefd2-dad7-b7db-8531-566eb7555f24,RG-0000000441,1500,24,28.55861,77.241692,24,0,2,3,1215,75000,150000,3,3,0,0,0
6cb74090-a04f-5511-cd97-5660237279bb,RG-0000000242,2100,24,28.562407,77.158897,12,2000,3,3,3663,100000,300000,3,2,2,1,1
70ce366e-4b71-7363-cab4-565198ce3a90,RG-0000000136,9000,24,28.483469,77.091879,12,2000,5,5,4518,170000,340000,5,2,2,1,1
7167b38b-e27a-e31b-bb65-566bceb79f4e,RG-0000000396,2100,24,28.571495,77.234428,12,0,0,2,2925,100000,300000,2,2,0,1,1
7a68b33b-bfd9-3159-d515-56557888ec7a,RG-0000000156,2100,24,28.561456,77.203071,12,0,4,5,3150,140000,400000,4,3,2,1,1
7b40fbb4-2fec-6d49-f38b-5656a2d62874,RG-0000000166,1700,24,28.572798,77.229513,12,0,2,3,1953,80000,240000,3,3,2,1,1
d26a0287-714a-b6c7-7ce6-567a7d37c6f5,RG-0000000584,2100,36,28.520962,77.204393,24,6000,4,4,2700,100000,300000,4,3,2,1,1
d3145b61-c061-166b-5f2a-567fc240dd0e,RG-0000000642,700,12,28.560493,77.241937,12,0,1,2,900,28000,56000,2,3,3,0,0
d7fc2a2f-fd98-3479-ddf8-564ec8ba23b4,RG-0000000120,2200,24,28.57202,77.228646,12,10000,2,4,2925,175000,525000,3,3,0,1,1
e9121435-4940-e1ea-e379-56979143b45d,RG-0000000836,1500,24,28.536446,77.239831,12,15000,2,3,2250,90000,270000,3,3,1,0,0
e930026a-9858-0e40-cd32-5682784b7dc5,RG-0000000662,1400,24,28.508899,77.19669,12,0,2,3,1800,30000,30000,3,3,1,0,0
e93aba4c-7e0e-702c-262c-5676bdbbb921,RG-0000000540,8000,24,28.542537,77.216454,12,0,4,9,4500,500000,1000000,8,3,0,1,1
ea5ad00c-87cf-5527-d3a0-5652f21c84da,RG-0000000147,2100,24,28.5208,77.205607,12,6000,2,3,2700,80000,160000,3,3,3,1,1
ecf0b49c-ebd7-f41a-6efb-564052913117,RG-0000000039,2050,24,28.569539,77.232004,12,4000,4,3,2925,125000,250000,3,2,2,1,1
ed580db8-8f92-41b9-8e47-566ea12c93f6,RG-0000000435,2100,24,28.557682,77.246883,12,0,2,2,2700,45000,90000,3,2,1,0,0
ee28339e-9167-7fb8-d8b6-5656c32d062a,RG-0000000172,1500,24,28.559056,77.204385,12,6000,2,3,2097,70000,140000,3,3,2,1,1
ee40189c-0941-6a07-145c-5666ce9432fc,RG-0000000327,900,24,28.545669,77.246002,12,0,2,1,1800,30000,30000,2,2,2,0,0
ee442fdb-dbc8-80a2-7fdb-567f8b7b3b0a,RG-0000000632,2000,36,28.550444,77.239129,24,0,0,2,2700,60000,180000,3,1,0,1,1
ef5e7d08-5203-76c6-216f-568df462c47c,RG-0000000741,450,12,28.550286,77.242444,12,0,1,3,1800,30000,30000,1,3,2,0,0
f3cf8ce2-bcba-291d-2483-565c29cff4d7,RG-0000000203,2050,24,28.557131,77.235594,12,15000,3,4,2700,120000,360000,4,3,2,1,1
4176a92f-959d-559d-97f6-56910626678a,RG-0000000784,1500,24,28.578522,77.163983,12,10000,5,4,3375,150000,300000,3,3,1,1,1
2448813a-8bb2-e311-7834-56934536fac8,RG-0000000798,3000,36,28.544363,77.244448,12,0,2,5,4860,400000,1200000,4,2,0,1,1
8e20f161-e987-a87e-04b5-5690ed583ad3,RG-0000000782,1500,36,28.58006,77.165521,12,0,1,2,2700,42000,84000,2,2,2,0,0
e23586fa-90c6-95c8-2ded-568d07a1ebbe,RG-0000000739,2200,24,28.57424,77.162815,12,0,3,3,3600,185000,555000,3,2,2,1,1
e92f3671-aa9a-c602-f395-5694ace5f61e,RG-0000000809,2000,24,28.579885,77.166603,12,0,2,4,2925,250000,750000,3,3,3,0,0
90a4fb5c-5f45-2fdd-372e-5693a8dd29ab,RG-0000000807,1800,24,28.576068,77.161769,12,0,1,2,5400,120000,360000,2,3,1,0,0
987dc422-8d63-6eed-f93f-5694e4a4f4ca,RG-0000000812,800,24,28.581195,77.164833,12,0,0,2,2700,40000,120000,2,2,0,1,0
be6174f7-d4be-2d75-b3b7-5694e54e7ed3,RG-0000000813,2200,24,28.567934,77.227191,12,15000,3,4,2925,240000,720000,3,3,0,1,1
22d814d7-7206-8dbd-c293-5694acf77c28,RG-0000000808,750,24,28.561535,77.247973,12,8000,2,2,900,32000,64000,2,2,1,0,0
2317e5c5-918e-a84b-407a-569cbe9c5392,RG-0000000882,2100,24,28.567387,77.231246,12,0,1,3,2925,90000,180000,3,2,0,1,1
d5c1a2b8-a266-d619-7612-569df7c7c546,RG-0000000890,2100,24,28.567858,77.230012,12,3500,3,3,2925,90000,180000,3,2,1,1,1
e9d25065-5bc9-1f90-ef65-569e1dff85f8,RG-0000000895,1200,36,28.578427,77.171594,12,0,2,1,3600,125000,250000,1,2,2,0,0
2e79d54a-9fb0-6f31-5007-5699ec91ed79,RG-0000000856,1200,24,28.572932,77.221111,12,0,0,2,1872,50000,150000,2,2,0,0,0
44f1e49c-a380-44c8-2ca1-569cae323533,RG-0000000878,2250,36,28.544159,77.250386,12,15000,3,4,2880,250000,500000,4,3,2,1,1
32407ac9-8596-bfb7-0daf-569763fe322b,RG-0000000832,1200,24,28.538011,77.243353,12,0,2,2,1800,27000,54000,2,2,1,0,0
d57b9055-16f6-6f60-826d-5689268b2571,RG-0000000711,1200,16,28.603179,77.083994,0,0,2,2,1200,10800,15000,2,3,2,0,0