0,18652885-f1f4-4464-a20e-566301c73420
1,16ef1b28-67b3-eb98-ae66-5679580ac934
2,1b4d7262-d47f-963e-340b-564f129ef0fc
3,1bc1aa7b-ea59-346a-1869-5698e4bb4aec
4,1f31ea3c-6784-aa7b-a233-56922dd470ed
5,1cc9f4a9-4b8c-19b9-2570-56828503c6e2
6,25c3d734-06af-35aa-2318-568e04ea7cbd
7,22ad21ed-63ff-9a90-3d63-5677f736fe45
8,25dd9495-4966-71be-248f-567fb670d849
9,240698e8-4b96-5f2c-73cc-5672b64588f3
10,249ccab9-5069-ec83-3b7a-56767aba468f
11,2817cb08-3bd2-ab40-5095-56827f10052b
12,2a20cb51-e6ae-4035-46a9-569b5c3b9ae0
13,34f6e52f-8c50-3fa7-813c-568e011bb307
14,44fa0493-24b9-c904-64e9-56922c3b0c7b
15,43214bf4-8b44-6661-3a5a-5652c09cc908
16,3fc7f35d-2c63-0562-a081-5682812f83fc
17,54334e4b-d8d5-32ca-25f5-56a9b5e6baff
18,4505ca01-bf61-3425-1d94-567bafbc5f8c
19,ba68c52c-0b85-9018-762e-5672b3e47e42
20,bd4f08f0-bb69-fe6a-0fd7-5657068a6f8b
21,bee34b06-65a1-5330-d59e-56790d98c809
22,c4ad767c-f21d-2489-f7f2-568bca9ed047
23,c594852d-7259-69fe-696c-56530b3177bd
24,6f582e0a-d5f2-58a2-8e0b-56891e292b77
25,70a8c43c-fcba-6483-1078-568cc38258e8
26,719eec77-9094-1c99-63c3-566bb78a893a
27,71b73974-47c8-17b6-7769-5697929eac4d
28,770c8e9c-878e-eccd-f883-56a35c97457f
29,7a72e785-cc54-1e4b-d5ea-5685023dc748
30,97aa4d7a-3e95-cba5-de49-5660480730c5
31,9c5385ee-1f05-a79c-4634-5669610ca529
32,9d898835-ebf3-324a-0d21-56826dc9b8b8
33,5c6d45a3-3a28-2c40-490f-568b8feb0df6
34,5f8f1d39-c5b9-6921-8749-569a039aeaad
35,60ef02ed-1a9b-1036-67a3-564851287ac4
36,646e23d7-66b1-98de-c9ec-565d4a42cbbc
37,8d751880-3244-f9c0-abf5-567a81650e0b
38,90bd9798-d1b8-57d3-01d7-566d36e12b3a
39,934b1bdd-25cc-75f6-0134-56702c80c7e3
40,935b8e41-a41f-f4b7-e010-568283891437
41,7e3f52cb-5ce5-a436-1617-568a405bf895
42,7fcf476c-4a73-e936-7e62-568bcb7c88dd
43,8626b654-ca56-9349-826d-5661b47642d2
44,87c93626-f007-a210-21f3-5672bbf10597
45,88936101-690d-b1b9-0c8a-568230610bd7
46,b1c51fa5-8ca0-ea08-da3d-568caaad9fff
47,dd59313c-de4d-5613-b470-56711ea5636f
48,de5309e2-434b-b8cb-2a8e-566d50da41c4
49,df9b8874-4f83-18ec-0bba-567d0562caca
50,e17a21c9-f232-9441-af3c-567cc40ef2dc
51,e5972ae7-04de-e9fb-b1df-567181bc2d0e
52,c68481bd-8d25-ce94-ac3d-567811d7db7b
53,c99a34bf-d69a-fb51-4719-567a8c4f20ab
54,cbf0050c-e8c0-c6d2-3d46-56825b3fc583
55,cf095707-883b-5b1a-1f1e-56741c883ce6
56,cfcff650-d5cc-9cc7-dccb-5699ef7ea98d
57,d005c702-0d07-18e7-3ce3-56850614b759
58,e5ea0a12-9455-2364-46ac-569a0237a8e1
59,d896d7d8-e70f-7aff-7fb7-5662f6e18da7
60,d9c1781a-f7cb-bad4-f919-565d699cd472
61,31c8d0a3-71fe-2216-91eb-56740c18021b
62,345dd4f1-a73c-2bed-62b4-56a2207697af
63,1e59e1b8-3bc2-a0aa-50d4-569caf18cb13
64,46c880ef-b4f4-58d0-80f4-569df6a47535
65,19db1a6e-9fb7-0292-625a-5698d709ada1
66,2d57c24a-d2ec-6cb0-d006-56938ced8af0
67,44f4695f-5854-4fc1-b3c8-56925106a3b4
68,2fd8aa14-3602-9e9f-4067-569cec80b49b
69,4c07cde8-9847-cf11-19e9-567fa958638b
70,201800ed-87e2-9ac5-5c5f-56961ee30a90
71,9db38bd4-7b29-27c4-f156-569cc5dae5a2
72,a611067d-d695-e3e5-c0f7-568cdfaa559e
73,b8799613-a6b9-2c2d-36ea-568f7a5017a8
74,e03481d5-cb76-55a3-9767-568b779c273f
75,ce5e5103-4441-8165-0941-56ab07e7dabf
76,5a3e41ea-aef7-8a29-d1bb-56a3635fd03a
77,5688ff0c-9597-be54-7176-56910d42d82c
78,a086f58b-e5b5-5702-47c1-56765ac54594
79,96fe687d-6af0-1bf6-ec05-5694fad61319
80,7fa5a044-71eb-f2e2-02ad-569b3d153181
81,50fb23e3-1f35-b69e-5e7a-56b3347c7fb5
82,a2688a48-0596-834b-121f-56bed8fdfcdf
83,54b5376e-a0c6-7209-1979-56bc91c4a7d9
84,5cc5ef89-e94a-255f-ae64-56d43bde993c
85,324acfa7-6aed-dfbb-5186-56c2f2f8d0b0
86,12153f6b-d033-b592-ad3d-56c1d5ed5403
87,cb8765e0-5946-5fda-db08-56c976fd8faa
88,a281e679-1dfc-730b-13f6-56e14204d2eb
89,62688d55-30c3-de63-b731-563b52af56b1
90,9d001dbc-3ab0-b5c1-987a-5646e13a9451
91,9869064b-fbd5-68a0-d6fa-56cecd07ef1b
92,14c59d9d-c29e-85be-7a14-563cb13bd9d3
93,2be813c1-df59-b79c-b51d-56643edaf776
94,9d7e715a-7b90-79ab-4917-565d3ba4ebaa
95,e85f7042-6e1c-d03e-1501-565161be07e8
96,e7f87031-9589-bba6-5eeb-56584851076b
97,19eaebb7-0a3c-740c-2f70-5652c22bbf9d
98,5841bdca-ef20-9d70-2b42-5664143416dc
99,5659dbf5-4e30-d293-f0e7-5663007a8c24
100,71de57cb-6323-1b08-89c9-5704b029e6e2
101,52ff6a35-f429-4827-fe72-56fa1c262152
102,13c951c8-c80a-fc41-166d-5704e53fd2c0
103,75b93112-2d37-8c54-ecd6-56e3de656b42
104,c7027806-0694-6b8a-cd42-56e145206fa5
105,e2f69730-2cf4-7e55-141e-56f9136d0518
106,30223856-77c1-214f-6b58-566acf9a2bec
107,a1251d5e-8fa6-1700-27fb-5672c77f72a9
108,8d3bf2f8-50de-581c-34da-5663cc5e724e
109,1341804f-6d4f-5d53-6bd2-57075b313c3b
110,ee964386-5543-5509-0893-570def723fb3
111,77e06499-62d5-e4aa-870b-56da7d623185
112,dad72400-d04e-81b6-34cf-566f97d09d37
113,c13631c2-5b21-f5a8-5116-5641dbf2f734
114,6af8ef69-26d4-2f4d-a1e4-56693b153859
115,f26a9448-7bb2-b9a3-08c2-5677e6310b75
116,a5ff1596-5557-c730-0ec9-5674096bc99d
117,144e9bea-0fde-7ed7-b335-56efe1384a31
118,3bfa7c16-62d5-313f-f538-56efec1059c6
119,4a771ab9-0943-ae4d-83f5-56bdcbb63ef7
120,4cca6860-99c5-2ae2-53f7-56c470c1265b
121,6feb8253-7aee-01c1-55eb-56b8423ec378
122,71c8cad7-7c52-d795-571e-56e54eb70627
123,72d1b350-5873-b099-1730-56fd19c476d8
124,73dcf684-bb3e-4f82-40e4-56daa7338780
125,7498d540-18a6-4506-2682-56ceb2eabdcd
126,74da57d2-4f9b-a158-e24f-56d68a477cf6
127,197c777e-5246-29c3-9cc1-56b70f13994a
128,34249033-6853-6eb6-541b-56f64ced51e4
129,26f8e989-0061-e698-c2a1-56dad7a71a77
130,31d774c3-03cb-e9b3-0f01-56e12532b479
131,201d0ebf-5215-daf7-f205-56ab03a6db32
132,2e92690f-611a-3c79-8075-56fd18299ff9
133,368d87e6-cee9-cc9c-6d05-56d2bccd37ab
134,368b3261-63ec-3fe2-297a-56efc728a62f
135,8682273a-73db-193c-df49-56c42fb6a8a8
136,87109b51-493a-d6fe-9c04-56fa28a8f11c
137,89231f12-449c-b6bf-b1e9-56eba3c4c8cd
138,8d6d54a5-0b46-e5e1-2961-56b9d3c3624a
139,90dc78f1-1ff9-5887-aea4-56c6ae36c294
140,95320d88-4b23-7ca2-1338-5703bcb46d53
141,96380739-9c20-20d4-4ea5-56a60cd027fd
142,bfb3ce30-a633-26b0-aae4-56cd54c998aa
143,c07b8180-a167-28aa-34d9-56b9d19dc7ca
144,9b224e88-7234-2d6a-319c-56deb0a075d1
145,9b5b7b57-e68c-7574-fcc1-56a9bf472f84
146,a795ba43-d30a-4014-5ab8-56b1df1282b6
147,a7d654b2-4590-238d-a1b8-56ea98b6c0d3
148,c7160768-2620-51fb-8e88-56ab3162974c
149,c8e426fd-8905-2472-06f9-56d6bee88a58
150,c9498bb3-433b-68e0-a555-56cebf473b14
151,d6b46042-630d-3513-d1e0-56dad0d77e57
152,ddf545a4-e13f-06d5-407a-56a8747faffb
153,5952591e-437f-c74e-becd-566eb44ab6c6
154,5b0d63ec-6c41-89b0-2f2f-5706427e675b
155,83a71bd7-1847-556b-5cb0-56e953ea3230
156,84622c61-be7a-46dd-8a59-56c5d01827fe
157,5112354a-fbfb-c87a-c8d6-565d3d7e3b1c
158,bd80f261-6220-208b-2331-566967c35ccf
159,70574244-5c8d-ec32-3085-56e4066b6659
160,f307d0e5-e1c2-9d2f-e8d9-56e3e744e131
161,debf3a13-3a06-d631-f5a1-56e117363aef
162,f016346d-fa83-f1ba-5968-56fa2901d9c2
163,54facf22-a08f-8c72-6f8f-56e158f3dc05
164,7287d3f2-5cd9-bc9b-fa60-564c2b3a07db
165,11cb4e37-d191-c3c2-00af-566024f51e50
166,14f01920-d62a-3acc-c000-56741b7fbc50
167,318c3546-41d4-8488-b361-568286ac92ea
168,3044294e-330b-57ff-1957-5698e5642b74
169,19cfc097-a14c-a841-8f75-567baffb11eb
170,389aacc9-20f1-306e-7135-568a54153cdf
171,35ebd15b-5976-0859-cfcb-568f88cb7614
172,375c21db-6d49-f883-82ee-567a8d0520b0
173,49e70cfd-c9bf-c073-8365-565d39d9a971
174,4901f798-8898-b790-80bb-567658164772
175,3e63c5c7-2af6-f4ba-931b-567bca28ce5f
176,4bbf9a48-8c6d-a520-7e01-566aac5fe66f
177,4d458c5c-6699-d0f4-4eb0-5690d698860e
178,6a824396-f9ba-5867-81c7-5682865d5fd7
179,746a5c29-8d87-ac9e-de50-567927e8b7cd
180,5cbc01ca-05c1-5d2e-893f-567f8ca14ee2
181,61310987-ab86-33af-bd5e-56850736b64a
182,663691ac-9d6b-5881-b005-56740a5bc535
183,57dbf9d4-4b4d-75be-a04d-56702a0f5e01
184,4fd3143c-01c1-96cc-ab65-568921a4d523
185,7dabc71a-fcd5-4a98-efa0-567bb1a4a0df
186,7f0bf1ff-9e5d-50d5-5049-56828679ff60
187,84039d42-42e2-f042-b8bc-5652c51a84d2
188,86f8401d-a422-9f5c-2523-566eb106423e
189,c5c90114-6d0d-af6c-7de4-567fa8a9868f
190,c7c72bfc-085f-9ff0-bde4-56765f7828b2
191,c8683a72-bef9-0843-1d12-5660121cc89f
192,c91cd53c-e39c-e359-43cc-5672b8008892
193,c93c0b49-d950-321f-6cb4-5691f50adfb6
194,c9df55ad-4215-bc2a-0fb8-567182f4ddb8
195,c9f75ac8-05f2-8852-4ef8-567a823bae43
196,b46d71b0-2868-5956-549c-5685031225a7
197,b5280a8c-3241-b475-4ab4-5672ba946580
198,9b2339d5-718b-5bb6-86fb-5682848d654a
199,a2114f8f-2198-6e12-2222-564ebcc87dec
200,d2983089-2b0a-d77e-7b77-567697d0e06c
201,d2a3b430-d631-778c-0a13-567a837f6c36
202,d37096ca-df59-6d95-2295-56584df396fa
203,d3f703e8-96ed-1a56-5889-567ba2c549fa
204,d5a8906f-4f69-a035-fab3-56a35cd8bdf5
205,8e55fb3c-fd68-3b80-cd3c-568baa3fba7c
206,9040647b-eded-177f-9eb0-56850362aa1c
207,904ecbd1-c77b-0f02-8575-5672c606122b
208,92208169-1858-f840-ffc3-567a839969c5
209,e9b96c3b-3f35-5e8a-7395-56740b9ca3e9
210,ea349a1f-d6aa-7136-921e-567ce5b80e32
211,f18b1176-9135-a00c-5473-5677e5b344f7
212,db15d05c-f2d0-34ee-d9aa-569b7369381e
213,dfa0d122-b5f1-cdd8-4dd0-56643e57223b
214,e2004743-dba2-64a2-7468-5658125c0567
215,e514613e-1970-16c0-c185-567bb0db5f8e
216,b65d0546-8a45-1334-06d8-56a35cf6352f
217,ff300751-2f01-f7c6-a767-566a762f3bd5
218,b53c2327-fad9-ee7e-ef4b-5666e07eaba7
219,80744ec4-079c-5855-b043-5639ef972233
220,25b65400-0514-fcb9-cc29-5698f17e8770
221,1f5e0c28-c275-918e-c244-56a220190d99
222,6f6c5718-9828-90f6-19b4-569cefa11624
223,20a774f3-1df3-698d-1ba3-5678ec3f75a6
224,794c274a-0044-32e8-23dd-56a4b5dfc17e
225,7fecfeb3-5244-ed8d-5cdd-56a4b8d55a61
226,63a5073d-9844-4158-855d-5690aefdf7e3
227,58bbd226-422b-e510-23bb-569f458a15a8
228,95febe15-8246-e489-b2cf-56a0ac73b8c3
229,8fdb870b-7420-d85c-500b-569a2dda3045
230,bf06404d-8531-f3a7-a5ec-569a30c4ea79
231,b1d69ce5-3b13-9766-26dd-56976479a085
232,58e7996b-a9c7-ddfb-a4ef-566a88ad638f
233,9e42eccb-f2da-f280-fbe6-565da865eed6
234,d4837477-b726-ed80-47f3-569e0a6ed21c
235,a5d0a6d4-baf5-f016-d75d-569a0148328a
236,6ea9c125-76c8-75fa-f94b-56b5e30fae4d
237,3e4c0938-2a93-0e45-1408-56d6c3f156e7
238,72cdb509-1a6e-8498-0ba3-56c977d3db24
239,12830bed-af5d-edb6-36de-564042037d06
240,6f791bec-ac75-ce60-92b5-56545d34bf4b
241,e7c14464-9906-12de-28da-565bdd3d3450
242,3fe7f51b-a302-27e8-e5b3-56597e295d34
243,dc6bc62c-4fa2-05f6-6b39-56e8faacf11e
244,6f6a51cf-87e6-dfa8-7b8e-56d80487d628
245,33f074fb-9411-7c47-1df8-5661a85e3b36
246,3cf9287e-ae16-f61c-b18d-566f98695312
247,7f89535c-cd2d-5736-0e44-56643f6e661c
248,a649b00c-40a9-8866-e87e-5666dbd6ed29
249,4bb80e2b-df85-322c-4e40-566803a70f86
250,546970fc-6d1e-ee15-64ef-56680640fd3a
251,98889557-180a-17ce-8182-565ea9bb9f82
252,7b7b91b6-9b89-032e-6c9c-566440f5a612
253,b54c07f5-bf04-911f-82d4-5662fffd645c
254,89fea5b1-a0e8-b55c-118b-5704df06c452
255,9a39bdd9-174b-0ec4-4541-56dfca78c8d2
256,2a426d9d-9c5d-48ce-547f-56712033db4d
257,b4959d85-d150-e904-72ef-566811c40889
258,bc960657-7f1d-1fd6-0819-56dbdb0a5793
259,d113f72b-d789-6355-37ec-56f915a5d421
260,54866318-5474-8f2e-a01f-566ec00f3494
261,70aaefb5-bbfd-af86-cfa2-566d521d4851
262,7104ae64-ba35-b5cf-6ae2-56f66c7b2248
263,f23bb3c2-c226-2911-be3b-56e257d370fc
264,8a5c712a-7d63-145f-d4a8-56711d74fa0a
265,168d6094-a178-4247-d3dc-566fd80c977c
266,e25baf0c-0e69-7324-0cf1-56aa173ff273
267,3eb297db-cea6-760a-107f-566c24181205
268,57a6d7e0-9e5e-1bb8-3ecd-5674112458c6
269,160c889f-f50a-1df4-2c96-567a39d6d0ee
270,5f70b9c2-8b24-fad7-610f-5677e9442813
271,28d9ce96-e564-3d84-528a-566fd8b26428
272,28e6532a-1d9d-9149-092a-570ded82f24f
273,d86492d4-c0eb-cf7c-b6ff-5704c7fbc6d9
274,7ce44ddf-86d8-e1a8-55a9-5704f954d0a5
275,4ede221b-0d28-f164-2517-5662f9508d35
276,36ff3fcb-ba78-521a-4861-5672c8ebe0ff
277,2416bfa2-434f-ba31-5c28-56cebba9e913
278,203c4559-ae16-83f8-c68f-56ffa9ce6331
279,2391c31e-dd70-aac6-37e3-5694e6bba14b
280,23ea6b76-7e52-6dfd-fe7d-56a8c3eabf44
281,12f9b29e-ea9b-1dd0-5284-56d57826e722
282,15928208-b159-9225-8c3a-56ed4938c146
283,18f39951-6173-8ff0-6bef-56deb6232e38
284,1609f949-cbc4-cc4a-3d91-56fe21c84e07
285,21210ba1-b59f-0288-94f6-56f66d9a9893
286,94ef0f40-781c-1061-350c-56cbfd15e607
287,96a06511-c267-f649-db72-56e954015766
288,ae1309db-fc10-9c8f-cd6e-56c060918d12
289,b01e9556-a905-2570-4b2a-56ea6df1d404
290,b1c41dbc-7621-87e5-af4e-56bdb086b489
291,b664cb7d-e362-eb0f-7498-570642ee0d91
292,c26442c5-fdfb-1c4b-d56d-56aafad0145c
293,9b818e63-8c6c-28d3-4401-56a4b89e3d2f
294,9eb2185d-b32a-10a0-411a-56e4296f95b3
295,9ede0464-ea05-91f8-bb0c-5651ac1d3920
296,a13e1642-7727-503e-0069-56a9fa2219cc
297,a3903355-bed6-74bc-cc45-5704bc9f7ee4
298,a6d8ae39-fc4a-cee7-c873-56c07e278bbc
299,a7dd205d-2f0e-9ade-259c-56bf1f5b6dbd
300,abe9a21d-bd4c-5292-ade7-5704effb7039
301,ad1eb892-5d9e-bd35-00e6-56fccc56a907
302,4d9a0aa8-aeee-154d-1178-56b33a9f1804
303,4f010c42-eca7-a739-a9a2-56eaaa679f16
304,6d7d6ad7-4875-b8b6-01d4-56d43baaa30d
305,6dbfb4ae-fd56-8b58-5be4-56dbc98859b3
306,7201cb14-dd6f-0f06-42e5-56d425a429e7
307,72b82114-c407-7454-e2b6-56c05e964011
308,74a087a0-a712-8d9f-5922-56c0610525c9
309,763e18f0-726f-141e-fca3-56e8fab087b6
310,5bf04043-b84e-2e48-6107-56d979d94516
311,5ec3af00-8740-2a1d-9391-56efa508aa74
312,625d5701-7cec-2f48-3c63-56e8f7e1b096
313,65e8d307-1c64-a860-5cc2-5672b4c1f426
314,66a0bdd2-df27-3f8e-55c5-56f91421c60a
315,6afb4bc3-1d92-8d70-ef52-569e1c941fe2
316,811fd38b-06d6-c2bb-2e4a-56d972fb5676
317,8422c0b6-c9a7-f822-974a-56dbfe11536a
318,85a031a7-9f1e-1399-971b-56a8b2b9c965
319,85b1cfa9-123c-d372-3401-56dbca0a299b
320,8751462c-dc25-5e2e-a52e-56e271d4c546
321,89fe0e13-a7e5-8072-0166-56cc04cf9297
322,8e552bd0-4a91-4e44-dcff-56754b50878d
323,8f4aac83-81ba-a569-6478-56b5d2c13381
324,924c303a-76e1-48ad-58e1-56700f42b6cf
325,92e60cac-e7b7-379a-2e5c-56d43986bf06
326,c684eb9f-80b7-d373-5911-568e00314f08
327,c7f99a4a-ec16-dd66-6d14-569cb63a7e60
328,ca1724d9-b6c5-1446-92a4-56dfe2c8d15b
329,d89fcfd1-bc90-94ab-c53e-56d1874ae92e
330,d94d22e9-b6a2-3a06-4bc2-56d2947bff2a
331,e128a37a-9fc9-24fb-21eb-56e28b64e75f
332,e223a6a1-a8ce-4396-6a8a-56cec4a1953d
333,e42d926c-4ea7-6ff3-0aa4-56badfd66bf4
334,e5d87ebd-bf47-e5a7-c0e8-56c6dfe50e89
335,edda07b1-6a3d-cef4-27f3-56e161fd8d64
336,ef118188-f9ce-679f-e0b8-5693702f849d
337,28335d25-dae5-65db-b02f-56c435c4cc5d
338,34883c12-e54d-e138-f934-56e53f686320
339,39c54db7-997e-9e60-a835-56c85fd94f2d
340,37c041e8-3d14-aacb-bdd4-5705f358c094
341,351a6313-456a-e799-c783-56e12a6c1000
342,fb700fa3-d3e6-dbef-f5a7-56d4165ea3cc
343,91d969b1-e55a-4503-8420-56dadc95af73
344,aea274d6-aafa-a023-27c8-565c35743c79
345,c8c5c3ab-3794-6ddc-3b35-5659811234f8
346,5796453f-9dda-b381-996e-56cc35114491
347,1bb99da3-2262-b9b2-a6c9-56717f43b8c8
348,24a00a81-3266-2bae-0497-567698542d86
349,1ab7f407-2e96-0d2e-4e86-5677e8af672a
350,29488385-db38-47f1-d06e-568e03d96905
351,24bc59f3-fcd5-4803-2d8a-5662fd4486fa
352,35846720-ddb0-b141-1680-5645f930bfe5
353,3ffe8969-7d83-04ba-47c4-56511b3affc4
354,3e92b2bc-fb2f-64e3-f4e3-568cdecdf523
355,4966d599-0627-aff9-57e3-5670288e2bc7
356,4b2e3f45-2edc-cd4e-8161-56934cdb6aa7
357,47130d4a-ed53-2426-34b3-568ba86b93e3
358,4ae1a07d-b2f4-0587-e5ac-5659a454cb07
359,572ee796-c85a-ca66-7ae1-566f9926b455
360,534c8c25-1c49-5ea0-c2bc-567a81da8dda
361,575ac88c-cbbf-9fcb-c087-56790eba32cc
362,4ee5a1d3-eba0-bfb5-0c70-56a48f178739
363,51528a79-7a1b-56f9-32ad-56741d6148ce
364,4c33ab30-7830-0a21-0e83-56850282d5c5
365,5b32a01a-7b0c-2930-6dd2-56991344be0b
366,5cef9482-b1c8-60b0-18a6-56458dffd7af
367,61c40d16-bb38-db1d-b103-56630324fafd
368,61fd5df8-5a92-bb10-2919-566012aa672e
369,6379165a-9e2a-fb8e-7aed-56604e3d156a
370,64cea6d4-f4cd-9c7b-77f9-5649d5cbcd73
371,65e30de7-7de5-748d-c4a3-568e3c00ca25
372,67e6d883-28fb-6093-c311-566c2f2fc049
373,7d5924ce-f4eb-e903-1930-566d30af0ac1
374,7fd34eb3-954c-974e-d6c3-567baeff897e
375,83b94eb6-791c-3524-63d9-5656967ea597
376,86bf2fbc-bfeb-0bd9-62b2-567a7e49376e
377,875ca703-a2b7-c5ae-db0e-567d1d71f7cc
378,b6ffd13f-34cc-396a-0a29-56a21ff1cf9b
379,b89f0109-f223-d4ad-93cd-567654cd32be
380,bdfe0be0-7b16-b3fa-5bd5-56790d1856be
381,c2a7afd2-0a64-057d-7ac0-56741c6bed69
382,c3c86b24-e3c5-c08c-8d01-567918b415bd
383,8ba938bb-1298-79cc-eb09-56793a8d0b72
384,9167beb2-abc2-f6d1-c892-5690ea579b5a
385,9255779c-d55e-bef5-3ae7-5698f16551bd
386,959bfe1c-520f-3379-3e7e-5662ced2956d
387,968337de-6e27-34fd-5057-56741e2b50ac
388,999bb258-513e-6ecf-8f9d-56a210a91cd8
389,a3931893-e5ef-1edb-61ef-565aaebebd5a
390,7d4f1290-41b2-4e8a-2c5b-566e9e5a8e78
391,a5c226b5-a3a6-0bfc-8c1a-567025aef5a7
392,aceac583-77de-1acc-7998-56584b4ce77b
393,b3beb287-8ae7-8298-1244-5672b68f2c68
394,eab1f923-8325-cd6e-5fbe-5690f02ee681
395,edd2dac8-d471-f7dc-9516-565707e0eef4
396,ee8b9e59-d9f2-18b4-c44f-568f87137615
397,f3801542-565f-88f5-c429-568cedf04985
398,dbddbf18-d212-8f97-106b-5656a00785d6
399,dceb7197-176c-d0ff-473d-565d90ee4504
400,e125edea-cae2-85ea-a208-5656be7a96ad
401,e1700e9d-5323-67d6-a684-5680d10b5e1c
402,e500ca0a-6a29-3722-76d0-566e99954c09
403,d7d17fc7-6842-a414-e144-569c8bb05427
404,d7dc9935-ef1c-fdb2-1d8d-567e6a0d480d
405,d9378f97-8575-fcb8-b864-566522c1c980
406,cdb6f000-aefe-c9d7-1ba7-568e3a920219
407,cf7dac80-fa26-564a-33c5-569b3d68d53b
408,d1fb63b0-8b80-60c8-5aae-5682876a0593
409,23fdd42d-7ae3-c0d6-76fc-569dfe879738
410,5baf8e8a-bf01-6e0b-78fa-568fb7113701
411,6b27188b-aabf-0792-528f-56aafec6bd33
412,6407f2ca-5611-e041-cee0-56a48fcbe497
413,2629d956-f914-15d5-b3be-569370c6dc93
414,1a5b9e3a-8d85-4dc6-1d6f-5692519d7b2d
415,3b7ab6b6-d8a6-cd7a-0833-569c8c76c42a
416,a22e5101-a700-d47c-fed4-568cf5be4f27
417,ccb81fc0-c683-5528-351c-5698eb3a409d
418,d2492e0a-1786-39b0-d0eb-5688fa1668ec
419,ea2c62aa-0d6b-4c2a-7d1b-5694adb1bec9
420,eb63982d-7959-f51e-7350-569c8befc25a
421,efc91308-3444-0429-01c4-569f7f79dc65
422,6bc0d476-b9d7-e43b-c375-569619a9b87e
423,87f14bd6-623a-a30b-9afe-56972f238590
424,6b740eb2-91ca-6fbf-dfd1-563de54cac04
425,88e66573-283b-6ca7-8706-5698ec7e0ca0
426,9d5ef520-e2dd-996a-76b1-5697982a0736
427,8019f394-43a7-7604-b073-567a3cef9933
428,702c14b7-7f11-5b71-ad49-5661a8ac92c3
429,85e1b1e8-bc36-53ca-487b-568fc6479513
430,c9a75798-a997-21f1-e4a0-567a3bd5641d
431,9438c385-87d9-7192-4c0d-566801d737d2
432,b898703d-94b6-ed9c-b85f-565ff288fbb5
433,60d06671-75bc-8d21-fa27-56c42ca57163
434,3b01f8c7-36a8-8231-433c-56409af53891
435,60bb6e41-c981-72a1-f14e-564c70dfa1c3
436,dc523441-feea-466f-7455-5646d048be34
437,b9cbec01-4c8b-f9fc-5756-5650496739d8
438,10520a4f-0d87-6bdd-fb26-56408e892f2e
439,7c670c6c-5903-d1e4-3cc4-564dbc207d4b
440,9b4b968d-26f4-b05b-ace1-564dd3b84f7b
441,452ef3e2-75a4-1a77-31c4-5667c7cb1aad
442,91e7712c-a139-c160-9b70-5666aef996d2
443,d81f63e7-f7c3-6883-9722-566411e31421
444,8a69f1d1-9cf1-b7ca-9d83-5666e24f244b
445,b93204de-7688-b05d-a637-566187d86d31
446,d610f947-fa6e-9534-9fa9-56681c606372
447,f13b3387-4eea-2d56-3c50-566918df5ee7
448,810b0b98-aac3-8335-7b74-56fa1a0c5e6c
449,3018365f-98b6-7b9a-d446-56efe29ce2a8
450,334cccb0-137f-c8fd-8217-570787c46eeb
451,8792481b-5db0-0f4e-9bdc-56dbdc45fc25
452,88e34ef4-ed83-6594-e760-56e2a3838517
453,fc590824-acfb-a900-b687-566d31fc15c1
454,d8d5f36f-a5d1-0e05-c3dc-566c23c227b5
455,8592ad31-d5fd-3d8c-1e81-56701134a07f
456,8793db7b-267d-83c0-c05c-56740f688ad7
457,c8ccad18-fb6d-df23-257f-56741075352c
458,c0b5fac6-864a-b35b-7065-5675496b31df
459,eac805f9-90a1-a575-9c0e-56741c3a0789
460,c5bf522c-cadd-33d4-b2c8-5704db49c053
461,459073ac-d052-c793-1146-5668196ef97b
462,a721243d-acfa-6a4c-15c6-5674109e20ec
463,8a5718fc-151f-699a-2a1a-5704f5ac7fc3
464,22c684de-43f6-6bdf-c402-5729eb0d237a
465,229b3e0a-3750-7f9e-f65e-56f9139050b1
466,17c8d90f-2cfc-8578-d5c9-570deec7e5f1
467,12e3cb6d-0ed9-d651-6416-56ee78bae42b
468,1af76691-1911-8332-29ba-56e93952f1be
469,1e6b88eb-abcb-fa21-4943-56e93f0b8f6b
470,ada979d9-f7b3-56b2-6ecd-56b33ec0a354
471,adef6646-eebe-db03-673e-56d005840590
472,b4f0606b-2144-09a0-8ff3-56fa28fd38b9
473,b6b92cca-bc9d-1e6e-2fb7-5704e7cc8823
474,bbdc7c42-64f3-9bfa-e617-56cc04aa6346
475,bdaa9fee-8d4e-5c8c-96b6-56a8a3be3ed4
476,c1a48e42-57ab-790f-0463-56d53626a5f4
477,c1a573cb-4276-84b7-8fed-56ceb34eb37c
478,9b1fbe5a-ccd3-ca76-66d0-56c1d6145701
479,9d17521b-5e8e-1d2a-31d3-56c1599a3d41
480,a15147c1-6ce1-a7ea-e2ad-56ebe4854600
481,a17ed257-d9ca-733c-6ffc-56d1999db574
482,a4c801e2-aa7c-66e8-20b4-56e91b81226a
483,a96d90f0-a0c8-158f-5e81-56ea9d10da55
484,aafe55e9-3d01-1e5b-386f-56de6ba493e3
485,78a5390a-7b2f-33eb-9882-5704e6445efb
486,7afc1760-fed7-e89f-3b45-56d1417aca88
487,7b380435-82b2-01e4-c0f2-56d18bccdd45
488,7ce8743b-ef96-5ca1-c6e5-56f656910935
489,7d34019f-818c-6a81-2063-56fb71908622
490,810240fd-202d-ef97-279e-56d42c30c6c7
491,84af2efc-dc49-4586-1afd-56fa1bd55fc9
492,8ee2cf18-2ba5-a832-119a-56dac434991d
493,95816edb-c18f-6dad-7a9f-56ea9db8dd9d
494,9a7fa720-9fd1-aaa4-c8ef-56fe220b3ec4
495,cc84d362-f50a-7f28-1c4c-56c6cc84e996
496,ccd114f9-cea0-550e-9346-570b5afdbdbb
497,d0c2ed3c-8dc7-9e15-4241-56cea84b307b
498,df8361fb-967f-9201-8c8b-56ebecd0fec0
499,e2b90b3e-b795-7e54-da2f-5704efdede9c
500,e75fb880-6cc3-e4da-d744-56d41658b6b5
501,eb44037b-8e82-15da-b471-56fa28585ed0
502,f19d363a-8425-06cc-4fd5-56de833ad802
503,33da0a6f-d8a6-f9ea-eac3-56dc0c4a173f
504,389f9503-c71a-66e0-8109-56ecf38d03d5
505,412d8bf1-a482-febf-124b-570deee199d5
506,41dfbb90-f00c-301a-fdf3-56a9dc526ac0
507,426f4141-9545-09e8-c32e-56b87ed243af
508,448e0c92-9887-3353-54bf-56d426918bdd
509,49ade746-4142-3b8c-817e-56fa29e4b5f3
510,4d94e7f8-2dbe-9d78-9582-56d6b7360dce
511,5a8abd5d-8fb1-f5c3-2253-56e160aae4d4
512,626b7d9f-3cbf-4987-5c1f-56b73a923de3
513,629e0976-4e85-5c75-4581-56d978f6aa4d
514,66dbc979-fee3-a7c2-78f6-5703bd254a39
515,3105e04f-ca0a-075a-6818-56d4264471a7
516,2305a909-1fc2-6888-94a6-56e7aa80eff3
517,260dfde2-b43c-b65e-03fd-56a876133038
518,29b00abc-58ec-5439-e60a-56eaa1412160
519,d0c6b474-7a0a-c366-0c5d-566966fcf6f8
520,67570a7a-87e3-4b80-f211-5641d88b6961
521,450c3695-6c7b-3834-f4c5-5656f7ed1876
522,1574f6f0-9606-5aa1-3729-564850606f59
523,17971919-1b17-9e25-1191-566153af92fb
524,18581827-607a-ce98-eaea-567d1c149af4
525,2d714715-a83c-1d01-f6c4-56768727d54a
526,2f0f4fa0-8fb9-2b1c-4e94-568e55fa50cc
527,300e93c8-6ed5-c8a3-f7e5-568e3b6d3715
528,3397b353-042c-1025-e2d0-567e7d0dd171
529,33c289a1-384c-5392-b8ff-566592ba13e9
530,37007b9b-6b8a-4739-548b-56795af99f25
531,3cd26c93-8526-9fd8-638a-56569466c872
532,4de68062-b092-dfa2-03c6-567652f9ba4d
533,4f9cd1e7-f1c4-2164-a7b0-568df5343f2f
534,5249fc51-346c-fa72-27e5-56826df40de4
535,526793ea-b5b4-c427-7b26-568e0241dd16
536,47b9577d-f535-46ab-74d5-568cc43553e5
537,6137f73f-b3a8-69f1-e589-567e6c43b203
538,61a64fcc-799e-171f-eb67-5685017bca2a
539,64af3367-35df-03b1-77d1-566412560e42
540,6502e671-a482-59a8-b96d-5692065cf0dc
541,251d8911-c58f-4e47-585c-5663ecb81676
542,b5fc7877-660f-b48f-4d9d-568283075464
543,b6aeacfb-9556-84ef-9f33-5658117a4675
544,b9aa7d59-6d7d-8dc9-c0e9-567bb16f33c7
545,bc5a9770-9a9a-977e-025e-567f8e4ca092
546,bd83fc7a-353d-8504-f955-56693d1a8b92
547,c1f1e3d0-3d60-9615-618a-568e688c4c02
548,96258c9b-882a-6345-b175-5680ee730d56
549,97803c49-a2a4-b9d7-273c-566908f9276f
550,9a6804d3-b504-b30f-df0f-567a3908b26b
551,9cc2eb43-55bc-cacc-01d7-568b7a389d0c
552,9ee12c03-9a32-ffc6-9b9c-5645f78bcbf5
553,a07a5e0e-2fd5-9d41-38a1-56680b30115b
554,a34ca531-a6e9-dbc1-5d66-567027cabf4e
555,6b22f49f-0076-250b-28eb-5676c0b04f21
556,717b0880-9d7d-e6b3-8bc6-566a711c6007
557,73044045-d1e6-e726-b22a-5667e16f1e7a
558,7d15bb18-17b7-1b6f-8dc7-566bd7bc3f41
559,8e211af0-0681-312b-9c68-566aad535c3f
560,8ec95466-315d-5a30-8600-56530d24c005
561,90aeb233-3b63-6cba-0a65-56793b38db1a
562,917eea2b-355b-d5b1-1a19-566590f86034
563,93cc279d-2ec9-ba4b-2d41-564ebccda7f3
564,953f7324-113d-9cf9-cce6-5659882894b1
565,dac7bbfa-aae4-62c8-02c4-5667fdd27a93
566,de4197bb-9d28-0b2a-b5e5-56827c183331
567,e3f30f54-2216-d419-fc29-567ba3b887fb
568,d2defb3f-3c56-6b42-cd52-566965450440
569,d688980e-dd05-bd4f-8f5b-56701f15e8e3
570,d79b0fb0-04fc-f6e2-5c3a-568b8f4d0464
571,b15f94da-d7e9-69dd-c3d4-568f8dd5af77
572,ce2d60ff-cbcc-2968-c445-5661853d1c52
573,d0c53fd3-6e46-d147-9349-568282a70e62
574,7d6bec28-8a58-97e4-8025-56a35c4020c4
575,7eca143f-620b-0f30-568e-569f822715c5
576,8b726fdd-4e42-0ee3-fc44-5693671bff4e
577,e5ab18e2-b526-0caf-b8b9-5676bffe5e2a
578,e5e78c36-3c55-4d0b-2531-566c1a1e1ffc
579,e7ac126e-7d24-ee19-e707-56693efffe50
580,ea280d38-fef3-6d44-00d3-566fffacec3e
581,ef35b359-6f89-83cf-d65d-5675489d5719
582,b7e204ad-be75-cc56-b336-56b2fc88e55a
583,57f05181-04fa-d68d-a35b-569a08abfb1c
584,36271a13-58e1-7385-fd03-56aaf8d100ac
585,677b551e-48b6-f3e7-fefe-5699db4d0cfd
586,54bcb186-2df6-df86-5892-569c8a78223c
587,6c08bfb3-88cd-1c86-8904-568ba9c2afb7
588,5bc951bc-d538-c66a-84fc-5640494fdf34
589,536688aa-eaf9-50c5-f9ce-56a364b0e7d3
590,1d56d316-11ae-59a6-81f9-56a2107972ac
591,bce61d40-e036-dfc7-97bc-569b734d787e
592,bdab7654-c9e1-1184-7292-5684feba7382
593,bf2e63a2-2e8a-57f2-06fb-5694f9f427ce
594,d348b56c-06d4-7212-cddd-569df65822e1
595,dbec0c19-86da-5d78-7c12-569cbdb52cbc
596,e9d3f76b-7163-a351-039f-5692630fba63
597,82a56418-7ef5-44fc-7ab0-5690d5fa9b49
598,740a0d24-7fa1-cc1f-5ea5-566bc5c1866c
599,8631d05f-bbed-f56a-6d7d-568fab11948a
600,7d5e50ea-c339-ad81-3b4a-5693922e3c69
601,d9b6989e-3f19-2022-223b-56768b5ee9f5
602,282fd228-2790-3c00-1a33-56d54473028b
603,23ec8d72-6541-6a70-1bb8-56aa1652976a
604,3c0ea86c-ee02-aa2f-132a-56a4b4d864f1
605,77693c6f-ce8c-d3da-446d-569f3cd45c1f
606,f04280d7-b196-cc1a-b2af-56a9ea8f0f80
607,5ce407a7-bb0a-8064-3cab-56bad541681a
608,c56f4d31-bb8b-8558-876b-56b854b8b1cd
609,16fdd3dd-ab8f-daa3-a8b6-56c471273866
610,543f678b-f79e-ddf8-5908-56694f1631c0
611,9a75124f-7582-5925-6333-5646e791be43
612,43f04fcc-581b-4f38-ff15-566e8a71b009
613,2d1f06db-6c65-8d2f-e3f1-5650528e8998
614,ce34d73e-8146-5359-d2e0-564dcf3f714e
615,4072debf-677f-a3ab-5391-5667ffc21ed6
616,e4108731-2d85-f5ec-bf03-564ec70f996e
617,231d1953-c6cb-c798-a992-56d96e1c662c
618,3ec12fb4-4195-9cc3-a9a7-565d3c0da1db
619,f6880533-7e00-dc51-219d-56693e08ddc2
620,bca30afc-a1ed-5220-f6f2-56584921b0d8
621,bc43885e-e283-09dd-d86e-565845ab8b9c
622,fe9c0b25-4eae-3d73-8b41-564d3b453678
623,29d22638-1772-845d-8026-565aab3185f2
624,c1ccaf10-281c-d271-bba5-56643f101135
625,c48891c2-1240-9c48-e76d-56680efb24ba
626,1a6fa4c9-e445-f9f2-0a8a-5666de85d301
627,79faf517-1c1c-0b85-fdea-566565b652f3
628,ad65abc4-82fd-afe7-0d64-5663d3fd8b45
629,23c6d4d0-fd80-4821-de8b-565fea32b5cd
630,87520f36-79f9-813d-83f5-570dece4d233
631,69a5639f-2ffc-c5ca-3f69-56e15ecc317e
632,e9f7718a-e7b3-e667-4826-56d3f3b68ea7
633,21d91b07-f4f4-f0a4-7fed-567181d9cba9
634,52547d20-9b5e-3094-cbea-56740b74540c
635,4a67b37a-7f40-2475-8051-566fc9262b11
636,a8256e34-4d4a-ea88-78c5-567026d71e58
637,139515e7-fc80-4e4b-4ca0-5677e7ee0d66
638,6b017c3c-fecc-3aa5-eb0a-566d4022618d
639,bdd55054-4914-26cd-599d-567a3a90bbf2
640,735b817f-1508-2c4b-4eeb-567d03489d32
641,8b754afe-8ed3-6a11-f3b3-5706020cb3a4
642,a94ea0c8-1afd-1071-f4ec-56605b681eb6
643,5089b066-f75e-de35-edf5-566bb9e74632
644,261146e2-295f-46ec-0176-56e40fc86246
645,c5ad0c37-ee2e-49aa-ef44-5704f992f196
646,f32424cc-8b59-3b76-0c58-570defb81919
647,26b1631a-ad5f-ba15-88dc-56cc4bd3301a
648,27320f7e-d5be-4714-ab82-56deabbef181
649,176eae8e-12a7-98f6-328d-570207287d04
650,1ebb6d34-1313-f988-5d7e-56ee838e49e8
651,2686b55b-710c-53e2-1c9e-56dd83914a17
652,1f102bd8-4cdf-3cc9-ca86-567bb6de8f80
653,a1195092-2a16-2237-6b12-56f664d4d8e8
654,34e409a4-dd2d-2858-27c7-56ed01215c15
655,4ddcf734-f2cb-de6e-8745-56dead08dea6
656,37ea2144-bf70-149a-2f14-56c5c895aa78
657,3fb9f354-51f1-9e69-a184-56c5c771db94
658,71201647-ec38-d051-7b5c-56bb23195340
659,46247285-1548-4a1c-191f-56fa27526de6
660,2a3dd7ae-4d9a-3d69-cff9-56c6bb658856
661,565db605-d246-9ad0-9cad-56e3d0b24511
662,58453c05-7028-c5c1-0e69-56e13f0a9852
663,650aeeb0-2243-08e7-e546-56b894d8548c
664,7ab71dd7-217c-b5b7-38e5-56ffc4050879
665,86f8d287-7b59-f3ce-9fa6-56dc0b482c4c
666,8763d583-7312-b688-53db-56f67a9407ca
667,8a4ebbc9-a9bb-3d1b-ca7a-56d6d717858b
668,8c790f73-f06d-551f-4fc0-56fa1b39a089
669,8e12036f-f68c-41d3-12da-56ecf2bf623f
670,9240aee1-3fa6-a20c-7ecd-56d4081bbbe8
671,93ed3575-c939-0722-701f-56bc95ad2204
672,9876c7f1-a429-a8e8-e9bf-56d14ef56dbe
673,b1c11f6d-81e4-9b3e-a09d-56eff325c60c
674,b2a6a505-c1c5-35eb-9cb1-56e269cbc523
675,b41a4fbb-aa3d-77cb-a4f1-56bf279c435d
676,b4df64b2-804d-98fe-30cc-56eb9e170baa
677,ba7c0233-9af8-35c5-c8be-56dbfe1594cc
678,c2488733-9487-5376-42eb-56bafcf5189f
679,a045568e-d3a4-f4da-e169-56fbc4a70773
680,a18aff47-7169-a088-64ee-568e29ca6786
681,a632bf7f-4f5e-3206-8b5c-56fcded453ca
682,5dda63f3-c6bd-9064-0cbe-56ecfb0acacc
683,72b430f5-baf2-377f-e56d-56f66ca84817
684,761fec2a-ae25-33ed-6b53-56d41b08b6cd
685,75420955-e6b3-e35d-147a-56bc4165b982
686,774d256b-8034-9489-ca11-56bedd05e02c
687,6fc09c63-e396-62f7-0e25-56dc098f2d16
688,c4740bd6-facd-563c-53f0-56b0acc46a51
689,c77e4b99-79ff-6a52-d655-56ef9ed37dfe
690,cc84ca1f-6d02-061c-39dd-56e40f569f96
691,cd2e3d8a-0150-4c8a-be54-56f9116822d9
692,e025a032-bb73-e2d0-5c71-56d3d740affd
693,e44865c6-0ee4-05a6-93f2-56b897e18410
694,e830b1f1-915d-d012-e184-56e1295e9704
695,e953dd6e-889e-8604-8940-56deb8659bf1
696,f408c66f-e86d-cd5c-d4bb-56d69969d785
697,f9b10e7f-81f7-ff90-3c16-56e161b4e1f7
698,e01709cf-f052-dbe5-ad7b-567a35ce5a7b
699,5e36fb2b-095f-11b0-bfa7-56e400578d1d
700,17488f23-bee9-c8c3-c841-565a9a4bf3b9
701,1cb70f1e-57dd-fe91-f26d-56558ad455ed
702,186ceb74-6258-28b9-67d1-568143a0f8e4
703,27f60d6e-718e-7de9-2127-567f883c34c1
704,22d6361c-a254-ae78-80f4-564870afbba2
705,2289c3b2-c6ae-6cca-c847-566abdca5b5c
706,2aab496f-8a18-b9c9-25dc-567ba46fa6b3
707,2a31e5ec-2bcc-cb8a-9c5b-567fa751446d
708,3a28319f-5b5b-e574-92b9-5677baccbb4c
709,32728434-e449-7de5-8eec-5698e41c6da0
710,36025c7b-5d17-65f9-ae68-569a3164bdc0
711,40e62c7e-c4be-daa0-3ac1-56570c6f31da
712,3d19de92-ea25-f574-7dab-5667dab75729
713,4b923444-21fb-b0f3-1da2-56790c8d8019
714,47767663-4d77-e710-a752-567a530b3c3a
715,445cca61-e92d-ea0e-f96c-5672c6242b3b
716,4de13eaf-38e9-bc1e-42cc-5652c4cc9960
717,5be3c00c-9b10-6d81-2a6a-568f9a7f54ce
718,5bf7c577-e725-da74-efa4-567a3862e395
719,67827e3d-7939-dcdb-d38e-568e0278638c
720,54574267-75a9-4a1e-419d-5680d3fc286b
721,526855ca-1e0c-836b-4a46-5671217ec2f1
722,52e066db-399f-5312-385e-56658d397543
723,dab8ca94-a2fe-6a6b-1b33-5688cba0dacf
724,db721dc3-4b59-8bd9-2611-567810124ac0
725,dca43d43-975f-9e06-300e-564ec82278c6
726,dd61c4d5-f599-3ce2-a521-5698d7fefdca
727,e0da3b66-f32e-4e37-e9fd-56810d69ec41
728,e1cd09ac-65e1-efee-10af-567bc2ef51c4
729,e2d60284-2c9d-c9b8-6f00-567fa9c9eb80
730,e313f0c4-02c9-56e4-9796-568259454737
731,e39a9124-27aa-2dd0-66f5-56790b93dc76
732,e3a4858d-55a3-d46f-fb67-5661adcbe811
733,975102f9-0d1c-42a0-a5dd-5638756d12ac
734,9b4142c8-26f4-2dc7-47a2-569f70c0a57b
735,a07927e3-2897-3c27-4a77-566c2090ee71
736,a42fe08b-a9a0-0192-7acc-5657088b4eb0
737,a4d246fc-c8d9-6048-9466-5661b30854f0
738,7ee67cdd-d1bf-1a7e-f3c5-568df53483dd
739,80079235-37b8-08d9-e710-5676c0d3f2cf
740,8429a801-84c1-5d62-8aea-568e2bf6f789
741,8a1c85ed-d3fc-ab6b-17ad-56741e2dffdd
742,8b9938bb-6a16-c5cf-6f3b-5688df592c04
743,8ceea6d7-2796-cc61-66b6-567bd58810ff
744,93c9cf6b-c8e1-7dcd-ff69-5685015d1c8d
745,9475b224-9b4b-8f0a-ac52-5682826e6b19
746,a5004f62-6bc5-8e58-56b7-564c597eaafa
747,a76b8083-6bbf-d51b-95c5-56793c925c6e
748,a7a0553c-ad6b-b572-891c-566c1b6073e8
749,ab7c07bf-4ebe-8dac-3434-567f8ad93df3
750,b03dc45e-5eb4-d48c-ee03-5682803576a9
751,b2185bde-d967-b532-83b6-567024a7680a
752,b9aeb06e-fd24-afe3-6e42-566a5e83e35b
753,be03fad1-2330-f6ce-81bf-564c515c2bd1
754,c496e8da-1cbf-fe14-4bbe-566a71917dfe
755,c97c530e-ea82-2dae-41c0-5676642a6f10
756,ca726395-1720-4f16-80b6-566e68bdc85f
757,cc896e33-e4e7-baa0-80e1-566304c6fd12
758,ce8aefd2-dad7-b7db-8531-566eb7555f24
759,d26a0287-714a-b6c7-7ce6-567a7d37c6f5
760,d3145b61-c061-166b-5f2a-567fc240dd0e
761,e9121435-4940-e1ea-e379-56979143b45d
762,e930026a-9858-0e40-cd32-5682784b7dc5
763,e93aba4c-7e0e-702c-262c-5676bdbbb921
764,ed580db8-8f92-41b9-8e47-566ea12c93f6
765,ee28339e-9167-7fb8-d8b6-5656c32d062a
766,ee40189c-0941-6a07-145c-5666ce9432fc
767,ee442fdb-dbc8-80a2-7fdb-567f8b7b3b0a
768,ef5e7d08-5203-76c6-216f-568df462c47c
769,f3cf8ce2-bcba-291d-2483-565c29cff4d7
770,d57b9055-16f6-6f60-826d-5689268b2571
771,4176a92f-959d-559d-97f6-56910626678a
772,5eb91a67-8900-d031-930f-5690e899b5d1
773,2448813a-8bb2-e311-7834-56934536fac8
774,44f1e49c-a380-44c8-2ca1-569cae323533
775,2317e5c5-918e-a84b-407a-569cbe9c5392
776,8e20f161-e987-a87e-04b5-5690ed583ad3
777,2e79d54a-9fb0-6f31-5007-5699ec91ed79
778,22d814d7-7206-8dbd-c293-5694acf77c28
779,32407ac9-8596-bfb7-0daf-569763fe322b
780,e23586fa-90c6-95c8-2ded-568d07a1ebbe
781,d5c1a2b8-a266-d619-7612-569df7c7c546
782,e92f3671-aa9a-c602-f395-5694ace5f61e
783,e9d25065-5bc9-1f90-ef65-569e1dff85f8
784,be6174f7-d4be-2d75-b3b7-5694e54e7ed3
785,4292487d-db91-7766-7170-567a3bb581bd
786,90a4fb5c-5f45-2fdd-372e-5693a8dd29ab
787,987dc422-8d63-6eed-f93f-5694e4a4f4ca
788,43f8b450-3bc5-e98e-b176-566a6482e932
789,70ce366e-4b71-7363-cab4-565198ce3a90
790,5ed160e5-1bf4-96ee-55df-566bfed80ba9
791,bae6700f-1732-4d4a-5d9c-567951915f26
792,209c3000-3b42-c1c4-45d4-56ab63d8892e
793,3c3ec640-f213-b3fa-603b-56d95e8b1ff0
794,8e8fe670-c1f2-74db-c9b1-564044c1a641
795,25654c7e-5265-89db-267e-564aff2df9ca
796,ecf0b49c-ebd7-f41a-6efb-564052913117
797,99ec1c5c-63db-77b5-31aa-563df66378e3
798,da509969-3895-49d2-a730-56403c1017f8
799,574512a5-d7ee-8db1-1b5f-565419bd095f
800,c67a06bd-fd1a-68fa-c1fa-5660342c9a56
801,59c13f0e-54a1-21b1-de6c-56515c7eddb0
802,e2b0ea82-65b2-c46b-1063-565c2b30b859
803,6cb74090-a04f-5511-cd97-5660237279bb
804,d7fc2a2f-fd98-3479-ddf8-564ec8ba23b4
805,3103370e-0964-c232-3cfe-56693e244b64
806,1f28cb06-b81c-1a43-1655-56604c315f6c
807,2f8dbf45-9911-7bba-f288-5668104ac22f
808,8692cdfa-63c9-bab9-2ee9-566430c6f70b
809,95399881-301e-0998-9580-5667d8e9968f
810,8dbeedb9-d174-d2f9-b033-565cc3eca4a0
811,6a78ffec-3d06-ce08-5742-566563c22e62
812,a9e7d1e8-677e-a353-69a6-566828101440
813,5d2945c7-4d98-0197-0e95-5666ab5e35c2
814,13cd2538-4c14-3c3f-1ba9-567926a7e4ab
815,9d9459b7-15c1-b059-b05c-566d15efcd3b
816,7167b38b-e27a-e31b-bb65-566bceb79f4e
817,86dceef2-dec3-4241-285e-56f8cc68379e
818,91f9198d-3050-7342-5683-56a87bca2496
819,89622efa-08e3-8838-055b-5640923631bc
820,9dc16d3b-6802-b5c6-7b7d-56814b76b95a
821,7de2a719-cf1a-b645-a767-56717bad597b
822,5483af21-6eae-c420-48a1-570debb11bd6
823,8493847c-2cb9-45ec-4879-57074b4f9011
824,3fecad66-5bfd-ea09-dff5-56569889c043
825,bdd8567b-3b0d-3908-a7fe-564ebc5bce4b
826,ea5ad00c-87cf-5527-d3a0-5652f21c84da
827,7b40fbb4-2fec-6d49-f38b-5656a2d62874
828,1499a8f0-b73e-cb7a-4cc7-56d6cf492a18
829,1bcb56fc-b603-45cb-e6ab-56e56cf6f2eb
830,1e3cda82-685a-518f-9954-5704feeb0eb8
831,36e39a8c-d94a-a6dd-d9a5-56bc96d90e70
832,3b4df261-c11d-fe33-a59c-56e14ca92ff2
833,47a5bab1-b196-18d4-e9f8-56c95d0e133a
834,4cb36ce6-0b80-517a-4eeb-56f6496dd31a
835,50a7dfd6-ce99-c5cf-5c3a-56d146d6a571
836,5260f02e-0841-b7d1-174e-56fa2ae25d9a
837,7353620f-1052-43c4-67b6-56fa2afd7018
838,743bbf98-a9f3-58a1-2488-56bc913c3d35
839,74aa4b36-2524-9d41-2914-56ecf8fe44b7
840,58e51b47-6145-2ba4-d27e-56d00608d21c
841,6055a23e-6ad9-320d-873a-56cfddab86d1
842,607db981-7c29-614b-f960-56c07caa9d02
843,64a54782-9ca1-039d-acf5-56f9119f7ff1
844,66bda24e-ddf1-7d3c-177d-56b337162fb8
845,68c16555-ace8-a73f-af1a-57078db058fe
846,6a72e4da-1b7e-44d2-82d8-570211e0fae4
847,7f2e994a-40e6-e162-8f8c-56de7e35550d
848,8d269cc8-64f5-7165-8a45-56cea6fb24ae
849,22c0e067-3ed7-4666-b3de-56fa599f74f0
850,31a20e56-1b48-f66f-cbef-56bdcc25dc19
851,2819e2c9-930c-bcc4-46a1-56d988c60245
852,2a3100e5-4fbd-e0c4-12d4-569f8010c9a9
853,258ce015-778f-8a19-58b9-570611484147
854,320218f5-26d1-380e-0fe3-565d4e259e08
855,23f1df1e-f5b4-77ca-9049-56a8ab599e18
856,98848899-d432-5048-fecd-56e8f952cd68
857,bc154ea1-b2dc-6dbf-ce3e-56a8afb52893
858,c07ea350-d0d1-496e-2f9d-56fa298cc581
859,9d161aec-9a8b-93a4-8a87-56ef93ecc6d5
860,9fe2a7e9-7b35-4d6b-623d-56ff61ff1ee8
861,a10bedf8-10e6-e2d3-92b4-56dd247df5c8
862,a2ba6ae3-1b4c-63c2-c5fa-56aa02987b34
863,a9da6f33-bb1b-46bf-5dbc-56972fe4624b
864,c3f597b0-0ad0-4782-b74f-569764767e23
865,c4f0f47e-8677-c51f-5b21-56c42e850b89
866,c5149bf1-2eee-052c-0177-56f27f8971f5
867,ccab8868-6a64-6e96-154e-56debeb4b326
868,d3b56a5b-463e-bb4a-4ee8-56a86917c9b3
869,d7061b93-e9d6-c52f-2506-56f2894c9f38
870,d83ea4d4-49a4-2774-482a-56a89a3acccb
871,bcf6a010-f992-227d-62b3-56793cefe9d8
872,12395a62-46d7-43e8-41d0-56e5652e0e72
873,1a0fa409-0f04-bb18-e603-564ad6af6dd9
874,7a68b33b-bfd9-3159-d515-56557888ec7a
